[001:ON#0020]	門
[001:ON#0021]	門
[001:ON#0022]	門
[001:ON#0023]	門
[001:ON#0024]	飲水機
[001:OC#0024]	喝起來真不賴!
[001:ON#0025]	獎盃櫃
[001:OC#0025]	一堆考古系\255\001贏來的獎盃。
[001:OC#0025]	我才不想搬走那些獎盃!
[001:ON#0026]	陳列櫃
[001:OC#0026]	都是我歷次探險\255\001帶回來的寶物和文物。
[001:OC#0026]	不,放著就好,挺安全的。
[001:ON#0027]	佈告欄
[001:OC#0027]	嗯,「自己動手做焗飯」。
[001:OC#0027]	開課:拳擊教學。找教練報名。
[001:OC#0027]	出售:瓊斯博士課堂名額一個,價高者得。
[001:OC#0027]	出售:經典 T 型車,附絨毛骰子。
[001:OC#0027]	出售:雷文斯伍德教授全套著作。
[001:OC#0027]	出售:老鼠六千隻、蛇五百條。請洽 S·史匹柏。
[001:ON#0028]	體育館
[001:LS#0206]	裡面正在上課。
[001:SC#0029]	又見面啦,馬可斯!我不在時可錯過什麼好戲?
[001:SC#0029]	我想想。記得上個月馬爾布雷教授請你\255\001鑑定他買的那尊昂貴墨西哥雕像嗎?
[001:SC#0029]	對啊——那個廉價贗品。當然,他不信我,\255\001直到我把它折成兩半給他看斷面。
[001:SC#0029]	以他的處境來說,你這手段也太狠了點!
[001:SC#0029]	別傻了,馬可斯。是他自找的。
[001:SC#0029]	怎麼,馬可斯,你的幽默感弄丟啦?
[001:SC#0029]	「以他的處境」是什麼意思?
[001:SC#0029]	算了,別提了。恭喜你弄到那個十字架。
[001:SC#0029]	那就得你自己評斷了。\255\003對那小子又攔又堵,似乎有點不公平。
[001:SC#0029]	不公平?你怎麼能這麼說?
[001:SC#0029]	又攔又堵?什麼意思?
[001:SC#0029]	是這樣,我們新聘了個地質學家,自以為\255\001很懂考古。\255\003就是他慫恿馬爾布雷買那尊雕像的。
[001:SC#0029]	想搶我飯碗,是吧?這位專家是誰?
[001:SC#0029]	你該不會也認同那種看法吧?
[001:SC#0029]	他叫約翰·里德。\255\003真不知道地質系當初看上他哪點\255\001才把他找來的。
[001:SC#0029]	我?帶馬爾布雷瞎忙一場^哪會,我^
[001:SC#0029]	謝啦。我的酬勞改天再談,\255\001配著晚餐和香檳。
[002:ON#0071]	罐子
[002:OC#0071]	裝滿了溶劑。我拿來清東西。
[002:OC#0071]	呼!這味道真嗆!
[002:OC#0071]	這樣好多了。
[002:OC#0071]	帶著這玩意兒太危險了。
[002:OC#0071]	好像有效^
[002:OC#0071]	嘿!這裡頭有把鑰匙!
[002:OC#0071]	小鑰匙
[002:OC#0071]	已經乾淨了。
[002:ON#0063]	門
[002:OC#0063]	還是別了。那群小鬼還在外面。
[002:ON#0064]	窗戶
[002:OC#0064]	今天天氣真好。
[002:ON#0065]	垃圾郵件
[002:OC#0065]	只是些垃圾郵件。
[002:OC#0065]	沒什麼重要的。
[002:ON#0066]	信件
[002:OC#0066]	又是些沒用的信。
[002:OC#0066]	沒什麼重要的。
[002:ON#0067]	文件
[002:OC#0067]	只是些文件,沒什麼重要的。
[002:ON#0068]	包裹@@@@
[002:OC#0068]	裡面有希特勒的親筆簽名!
[002:OC#0068]	是我父親的聖杯日記!
[002:OC#0068]	是我父親寄來的包裹!
[002:OC#0068]	不,這個我自己留著。
[002:OC#0068]	聖杯日記
[002:OC#0068]	目前沒看到什麼相關的東西。
[002:ON#0069]	水晶碎片
[002:OC#0069]	只是我在馬雅神廟撿到的一塊水晶。對我\255\001沒用,但舊金山有些怪人想要它。
[002:OC#0069]	我對它沒興趣。
[002:ON#0072]	石頭
[002:OC#0072]	這些是桑卡拉石的複製品,我大約\255\001三年前找回來的。
[002:ON#0085]	石塊
[002:OC#0085]	我認為這是隕石的碎片。不過我不懂它\255\001為什麼會滲出紫色黏液^
[002:ON#0081]	水晶球
[002:OC#0081]	我看到前方有段難熬的日子!
[002:ON#0073]	頭骨
[002:OC#0073]	只是些舊頭骨罷了。
[002:ON#0070]	雕像
[002:OC#0070]	是一尊千年獵鷹的雕像。
[002:OC#0070]	它對我意義重大^
[002:ON#0075]	古老石板
[002:OC#0075]	我還沒翻譯完,但我想這是在警告\255\001關於偽裝的外星人。
[002:ON#0074]	圖騰柱
[002:OC#0074]	我從一個崇拜狗和兔子的奇怪\255\001巴西部落帶回這個。
[002:ON#0076]	獎章
[002:OC#0076]	這獎章是我在一場拳擊賽贏來的。
[002:ON#0077]	地球儀
[002:OC#0077]	是地球。
[002:ON#0078]	熱水器
[002:OC#0078]	很燙。
[002:OC#0078]	已經開著了。
[002:OC#0078]	還是別了。學院還需要熱水用。
[002:ON#0079]	地圖
[002:OC#0079]	是張用蠟筆畫的怪地圖。
[002:ON#0080]	雕像
[002:OC#0080]	這些是雕塑入門課一個學生送我的。
[002:ON#0082]	雜物
[002:OC#0082]	^只是些舊書和不值錢的小玩意兒。
[002:ON#0083]	面具
[002:OC#0083]	小時候萬聖節我戴過這個。
[002:ON#0084]	面具
[002:OC#0084]	這是我在金夏沙附近一個非洲薩滿那兒弄到的。
[002:LS#0201]	嗯,這個看來重要,其他雜物我就留這兒吧。
[002:LS#0202]	我不需要帶走這個。
[003:ON#0086]	門
[003:ON#0087]	門
[003:OC#0087]	嘿!\255\002
[003:OC#0087]	別擠了!
[003:ON#0114]	學生
[003:OC#0114]	瓊斯博士!\255\002
[003:OC#0114]	別碰我!
[003:OC#0114]	老天,他們看起來氣炸了!
[003:OC#0114]	他們非常火大!
[003:EN#0003]	艾琳
[003:SC#0030]	別跟我說,瓊斯博士!\255\003火大的是那些學生!
[003:SC#0030]	抱歉,我得走了。
[003:SC#0030]	讓開,小鬼們!
[003:SC#0030]	嘿,別激動,我們心平氣和地談。
[003:SC#0030]	各位稍等。我相信我們能想出辦法。
[003:SC#0030]	請放輕鬆。我有個對大家都公平的解法。
[003:SC#0030]	艾琳,把名字記下來,我會照順序見每個人。
[003:SC#0030]	或許你們該另找一位指導教授。
[003:SC#0030]	嘿!\255\002
[003:SC#0030]	想都別想!\255\002
[003:SC#0030]	我們要你簽選課卡!
[003:SC#0030]	我現在就要你簽我的卡!\255\002
[003:SC#0030]	我也要!\255\002
[003:SC#0030]	沒錯!
[003:SC#0030]	你打算怎麼辦?\255\002
[003:SC#0030]	我先來的。\255\002
[003:SC#0030]	不,是我先!
[003:SC#0030]	好吧,只要公平就行。
[003:SC#0030]	我先到的。\255\002
[003:SC#0030]	不,是我!\255\002
[003:SC#0030]	我排在他後面!\255\002
[003:SC#0030]	別擠了!
[003:SC#0030]	這擋不了他們多久。我最好別\255\001再回那裡頭去。
[003:SC#0030]	所有考古學教授都排滿了!
[003:SC#0030]	有位地質學教授懂考古。
[003:SC#0030]	太好了,告訴我們他的名字!
[003:SC#0030]	約翰·里德教授。就說馬爾布雷推薦的。
[003:SC#0030]	謝謝你,瓊斯博士。\255\002
[003:SC#0030]	回頭見!
[003:SC#0030]	我還以為永遠擺脫不了他們了!
[003:SC#0055]	同學們!同學們!請耐心點!\255\001瓊斯博士一定很快就回來!
[003:SC#0055]	可是我們等他簽卡等了一整天了!
[003:SC#0055]	就是說!!\255\002
[003:SC#0055]	就是說!!\255\002
[003:SC#0055]	就是說!!\255\002
[003:SC#0055]	就是說!!
[003:SC#0055]	啊啊啊啊!!!
[003:SC#0055]	艾琳!這裡是怎麼回事?
[003:SC#0055]	喔!瓊斯博士!你回來了真是太好了。
[003:SC#0055]	瓊斯博士!\255\002
[003:SC#0055]	這些學生氣壞了!
[004:ON#0115]	門
[004:ON#0116]	門
[004:EN#0004]	艾琳
[006:ON#0117]	窗戶
[006:ON#0118]	窗戶
[006:OC#0118]	從另一邊閂上了。
[006:ON#0119]	窗戶
[006:ON#0120]	窗戶
[006:ON#0121]	窗戶
[006:ON#0122]	窗戶
[006:ON#0123]	門
[006:EN#0006]	前往亨利家
[006:EN#0006]	前往飛往威尼斯的班機
[006:EN#0006]	取消
[006:SC#0073]	瓊斯博士,\255\002
[006:SC#0073]	 請跟我們走一趟。
[006:SC#0073]	早安,瓊斯博士。希望沒嚇著你。
[006:SC#0073]	我可不習慣這種旁門左道的自我介紹。
[006:SC#0073]	若我的手下打擾了你,我很抱歉。\255\001我叫華特·唐納文。
[006:SC#0073]	我知道你是誰,唐納文先生。你對博物館的\255\001捐獻一向非常慷慨。\255\003而且我得說,你這兒有些藏品相當\255\001令人讚嘆。
[006:SC#0073]	跟你一樣,我對古物充滿熱情。
[006:SC#0073]	過來看看這個。你或許會覺得有意思。
[006:SC#0073]	早期基督教符號^我看是十二世紀中葉的。
[006:SC#0073]	你在哪兒找到的?
[006:SC#0073]	在安卡拉北邊的山區。你能翻譯它嗎?
[007:ON#0141]	盆栽小查
[007:OC#0141]	嗨,小查!
[007:ON#0137]	書
[007:OC#0137]	只是一堆舊書罷了。\255\001我讀過好多遍了。
[007:ON#0138]	書
[007:OC#0138]	喔對,我記得「這些」書!\255\003我倒寧願把它們忘了!
[007:ON#0145]	書
[007:OC#0145]	中世紀歐洲史^\255\003我把它們留這兒吧。
[007:ON#0146]	更多書
[007:OC#0146]	希臘文、德文、拉丁文、義大利文、法文^\255\003我小時候還真得學一堆語言。
[007:ON#0150]	又是更多書
[007:OC#0150]	這些是老爸以前邊讀邊打瞌睡的書。
[007:ON#0128]	畫
[007:OC#0128]	是我小時候畫的畫。\255\001畫的是我父親贏來的一座獎盃。
[007:ON#0133]	膠帶
[007:OC#0133]	有點黏糊糊的。
[007:OC#0133]	是把很小的鑰匙。
[007:OC#0133]	我撕不開膠帶。實在太黏了。
[007:ON#0129]	書櫃
[007:OC#0129]	我等會兒再整理。
[007:ON#0136]	舊書
[007:OC#0136]	這是我小時候做的日記本。它本來\255\001是想仿照我父親的聖杯日記。
[007:OC#0136]	我想這本是小瓊斯小時候做的。
[007:OC#0136]	上面有希特勒的簽名!
[007:ON#0135]	箱子
[007:OC#0135]	鎖住了。
[007:OC#0135]	那打不開它。
[007:ON#0134]	桌布
[007:OC#0134]	盆栽擋著路。
[007:ON#0131]	盆栽
[007:OC#0131]	我就把它放這兒吧。
[007:ON#0130]	門
[007:OC#0130]	好像有點壞了。
[007:ON#0144]	椅子
[007:OC#0144]	是把倒過來的椅子。
[007:OC#0144]	改天再整理吧。
[007:ON#0139]	打字機
[007:OC#0139]	裡面沒紙。
[007:OC#0139]	啊?
[007:OC#0139]	這又不是收音機!
[007:ON#0140]	書桌
[007:OC#0140]	裡面的東西全散在地上了!
[007:OC#0140]	上面那些文件都沒什麼意義。
[007:ON#0142]	冰箱
[007:OC#0142]	看了這團亂,我寧可別碰它。
[007:OC#0142]	還是算了。\255\003裡頭八成只有一顆放壞的蛋。
[007:ON#0143]	窗戶
[007:OC#0143]	外頭天氣不錯。
[007:OC#0143]	這扇窗好多年沒開過了!
[007:ON#0147]	窗戶
[007:OC#0147]	我能看進鄰居的院子。\255\003哎呀!
[007:OC#0147]	真尷尬!
[007:OC#0147]	還是算了。
[007:OC#0147]	就算我打得開,也別想再關上了。
[007:ON#0148]	窗戶
[007:OC#0148]	風景不錯!
[007:OC#0148]	從門口進來的空氣就夠了!
[007:ON#0149]	五斗櫃
[007:OC#0149]	翻老爸的內衣褲?\255\003想都別想!
[007:ON#0151]	床
[007:OC#0151]	床底下什麼都沒有。
[007:OC#0151]	不,太重了。
[007:ON#0152]	照片
[007:OC#0152]	拍的是我們在四角地的老房子。
[007:OC#0152]	不,我把它留這兒。
[007:LS#0200]	真是一團亂!不知道他們在找什麼?
[007:LS#0200]	不知道是不是老爸寄給我的這本日記?
[008:SC#0041]	印第安納·瓊斯的體力
[008:SC#0041]	出拳力道
[008:SC#0041]	\255\007\001\064 的體力
[008:SC#0041]	納粹守衛的體力
[008:SC#0041]	出拳力道
[008:SC#0083]	恢復意識之後,
[008:SC#0083]	我們的英雄印第安納·瓊斯被迫
[008:SC#0083]	替希特勒擦亮他的古董文物,
[008:SC#0083]	直到希特勒嚥氣為止。
[008:SC#0083]	而既然希特勒的手下
[008:SC#0083]	成功找到了聖杯,
[008:SC#0083]	這可是「非常」漫長的一段日子。
[008:SC#0083]	賠完圖書館地板的損失後,
[008:SC#0083]	印第享用了五年的牢飯義大利麵,
[008:SC#0083]	而他父親則在納粹大牢裡日漸枯槁。
[008:SC#0083]	基於品味,我們不便
[008:SC#0083]	詳述後來發生的事。
[008:SC#0083]	不消說,那畫面慘不忍睹。
[008:SC#0083]	印第安納·瓊斯的一生
[008:SC#0083]	至此落幕,
[008:SC#0083]	更別提整個自由世界了!
[008:SC#0083]	齊柏林飛船返回柏林,
[008:SC#0083]	佛格上校樂呵呵地護送
[008:SC#0083]	小亨利與老亨利坐上前排貴賓席,
[008:SC#0083]	面對一支行刑隊。
[008:SC#0083]	我們真希望能說,印第
[008:SC#0083]	名留青史,成為史上唯一
[008:SC#0083]	揍扁過希特勒的美國人。
[008:SC#0083]	可惜,這事兒沒人聽說過。
[008:SC#0083]	你的最終得分:
[008:SC#0083]	章節
[008:SC#0083]	系列
[008:SC#0083]	\255\004\244\000
[008:SC#0083]	\255\004\245\000
[009:LS#0200]	給我一點時間^
[009:LS#0200]	講的是關於「聖穀」——也許是祭司們吃的\255\001某種特殊小麥?
[009:LS#0200]	抱歉了,瓊斯博士。看來你終究不是\255\001這差事的合適人選。\255\003也許你只是個冒牌貨,跟我以為的那個人\255\001差遠了。
[009:LS#0201]	上半部不見了,但其餘的^\255\003「^一股泉水在他體內湧出,賜予永生。」\255\001「穿越沙漠,直抵新月峽谷。」
[009:LS#0201]	「在那裡,盛著吾主耶穌基督寶血的聖杯\255\001永世長存。」
[009:LS#0201]	聖杯,瓊斯博士。誰飲下它,\255\001就能得到永生。
[009:LS#0201]	一個老人的夢想。
[009:LS#0201]	每個人的夢想。包括你父親。他是當今\255\001世上首屈一指的聖杯學者!\255\003總之,一場尋回聖杯的行動正在進行。
[009:LS#0201]	可是石板不完整。你們不知道該往哪兒找。
[009:LS#0201]	這塊石板是第一次十字軍東征期間,三位騎士\255\001留下的兩個標記之一。
[009:LS#0201]	這份方濟會手稿提到第二個標記\255\001與其中一位騎士同葬。
[009:LS#0201]	它暗示,在通往騎士墓的路上\255\001能找到對聖杯的描述。
[009:LS#0201]	它還說有人畫過一幅聖杯的畫,正好解答\255\001我父親的疑問:聖杯真的會發光嗎?
[009:LS#0201]	但它沒說騎士的墓可能在哪兒!
[009:LS#0201]	我們的隊長相信它在義大利威尼斯——\255\001而他就是在那裡失蹤的!
[009:LS#0201]	我們希望你接手他的任務。
[009:LS#0201]	你找錯瓊斯了。你該去找我父親談。
[009:LS#0201]	我們找過了。失蹤的就是他。
[012:EN#0012]	不知道艾爾莎去哪了。\255\003也許她被抓走了!
[012:EN#0012]	艾爾莎在哪?\255\003我換回了平常的衣服,免得嚇著她。
[012:LS#0200]	我去四處探探。
[012:LS#0200]	好吧。我待在車裡。
[012:LS#0200]	我過幾分鐘就回來。
[013:ON#0157]	窗戶
[013:ON#0158]	窗戶
[013:ON#0159]	窗戶
[013:ON#0160]	窗戶
[013:ON#0161]	窗戶
[013:ON#0162]	窗戶
[013:ON#0163]	棚架
[013:OC#0163]	我想只要搆得著,它撐得住我的重量。
[013:OC#0163]	我從這兒搆不著它!
[013:ON#0165]	棚架
[013:OC#0165]	它還很牢固。
[013:OC#0165]	我能爬下去,但就回不到這突崖了。
[013:ON#0164]	磚塊
[013:OC#0164]	那兒不夠我甩鞭子的!
[013:OC#0164]	那行不通。
[013:OC#0164]	太高了,搆不著。
[013:LS#0200]	外頭很滑!\255\003我最好換上我的行動裝!
[014:LS#0200]	\255\007\000\064
[014:LS#0200]	_
[014:LS#0200]	\255\007\000\064
[014:LS#0202]	\255\007\053\000
[014:LS#0203]	遊戲已存檔。
[014:LS#0203]	錯誤:遊戲「未」存檔。
[014:LS#0203]	錯誤:遊戲「未」讀取。
[014:LS#0203]	磁碟上沒有任何存檔。
[014:LS#0203]	選擇遊戲來\255\002
[014:LS#0203]	存檔\255\002
[014:LS#0203]	。
[014:LS#0203]	選擇遊戲來\255\002
[014:LS#0203]	讀檔\255\002
[014:LS#0203]	。
[014:LS#0203]	請為這個存檔輸入一個名稱。
[014:LS#0203]	你選了一個空欄位,請再試一次。
[014:LS#0203]	選擇要讀取的遊戲,再選\255\002
[014:LS#0203]	好\255\002
[014:LS#0203]	。
[014:LS#0203]	選擇存檔欄位,然後輸入名稱。
[014:LS#0203]	輸入完名稱後,按\255\002
[014:LS#0203]	ENTER\255\002
[014:LS#0203]	,然後選擇\255\002
[014:LS#0203]	好\255\002
[014:LS#0203]	 來存檔。
[014:LS#0203]	 來讀檔。
[014:LS#0203]	正在讀取「\255\007\001\064」
[014:LS#0203]	正在儲存「\255\007\001\064」
[014:LS#0203]	磁碟上沒有那個存檔。
[014:LS#0203]	 存檔 或
[014:LS#0203]	
[014:LS#0203]	A
[014:LS#0203]	B
[014:LS#0203]	把存讀檔磁碟放入磁碟機 \255\007\004\064。選擇\255\002
[014:LS#0203]	\255\007\003\064讀檔\255\002
[014:LS#0203]	。
[014:LS#0203]	選擇\255\002
[014:LS#0203]	\255\007\003\064讀檔\255\002
[014:LS#0203]	。或選擇\255\002
[014:LS#0203]	繼續\255\002
[014:LS#0203]	 來繼續遊戲。
[014:LS#0204]	
[014:LS#0205]	
[014:LS#0207]	\255\004\244\000
[014:LS#0207]	\255\004\245\000
[014:LS#0210]	
[014:LS#0210]	
[014:LS#0211]	\255\007\000\064
[015:ON#0178]	門
[015:OC#0178]	鎖住了!\255\003我猜艾爾莎沒辦法讓圖書館繼續開著了。
[015:ON#0179]	人孔蓋@@@
[015:OC#0179]	我好像挪不動它。
[015:OC#0179]	不,我想再下去那裡一趟。
[015:ON#0180]	戀人
[015:OC#0180]	那不是我的作風,而且他絕對不是我的菜。
[015:OC#0180]	他要嘛戀愛了,要嘛被這劣酒灌醉了^或者兩者都是。
[015:ON#0181]	邋遢鬼
[015:OC#0181]	他的餐桌禮儀實在沒啥好誇,但\255\001我對他的胃口嘆為觀止。
[015:OC#0181]	真噁心的念頭!他光外表就夠糟了!
[015:ON#0184]	戀人
[015:OC#0184]	她就是少了艾爾莎那種^\255\002
[015:OC#0184]	魅力。
[015:OC#0184]	她要嘛戀愛了,要嘛這酒裡有古怪。
[015:ON#0187]	貓
[015:OC#0187]	都能養狗了,誰還會想養貓?
[015:ON#0190]	老太太
[015:OC#0190]	她只是個和藹的義大利老婦人。
[015:OC#0190]	拜託!我可是有教養的!
[015:ON#0193]	男人
[015:OC#0193]	他在寬麵和小牛肉之間拿不定主意。
[015:ON#0196]	男人
[015:OC#0196]	他的眼睛盯著角落的女孩,書\255\001還拿反了。
[015:ON#0199]	女人
[015:OC#0199]	她看起來挺無聊的。也不能怪她。
[015:OC#0199]	我想她不會領我這份情。
[015:ON#0202]	鞭子
[015:OC#0202]	出門絕不能少了它。
[015:OC#0202]	我帶鞭子「可不是」為了那個。
[015:ON#0203]	酒瓶
[015:OC#0203]	裝滿了水。
[015:OC#0203]	是瓶廉價的酒。我幹嘛帶著這個?
[015:OC#0203]	是空的。
[015:ON#0204]	噴泉
[015:OC#0204]	是普賽爾式設計的精美範例,\255\001而且裝滿了水。
[015:LS#0204]	前往美國
[015:LS#0204]	取消
[015:LS#0206]	我不想打擾他。
[015:LS#0207]	我不想打擾她。
[015:LS#0209]	介意我拿走這個嗎?
[015:LS#0209]	當然不介意。那酒糟透了。
[015:LS#0209]	我當然介意!!我們的好酒還沒喝完呢!
[015:LS#0210]	嗯^1924 年,很糟的年份。
[015:LS#0210]	我就知道!
[015:LS#0212]	人孔@@@@@@@@@
[015:LS#0212]	人孔蓋@@@
[015:SC#0098]	啊,威尼斯!
[015:SC#0098]	我們要怎麼認出我們的接頭人,\255\001施奈德博士?
[015:SC#0098]	也許他會認出我們。
[015:SC#0098]	瓊斯博士?
[015:SC#0098]	是我。
[015:SC#0098]	我就知道是你。你有你父親的眼睛。
[015:SC#0098]	還有我母親的耳朵,不過其餘的都歸你了。
[015:SC#0098]	看來最精華的部分早已名花有主了。
[015:SC#0098]	馬可斯·布洛迪?
[015:SC#0098]	沒錯。
[015:SC#0098]	我是艾爾莎·施奈德博士。
[015:SC#0098]	喔^\255\003那個^呃^你能跟我說說我父親失蹤的事嗎?
[015:SC#0098]	當然。事情發生時我們正在圖書館\255\001工作。我帶你去看。
[015:SC#0098]	你們倆何不先去呢?\255\003我想去舒舒服服地坐趟貢多拉。
[015:SC#0098]	好吧,馬可斯。
[015:SC#0098]	施奈德博士,你帶路吧。
[015:SC#0098]	這就是圖書館。
[015:SC#0098]	它看起來更像座教堂。
[015:SC#0098]	你說得太對了。十字軍東征時期\255\001它「就是」座教堂。
[015:SC#0098]	你父親失蹤前,一直喃喃念著\255\001什麼羅馬數字。\255\003他說他「到處」都找過了^\255\001卻一無所獲。
[015:SC#0098]	圖書館應該快關門了。\255\003我去確保沒人來打擾。\255\001然後我們就能四處看看。
[015:SC#0098]	不好意思,先生。
[015:SC#0098]	借過一下。
[015:SC#0098]	喂,你!!!
[015:SC#0098]	我看他成不了什麼麻煩,施奈德博士。
[015:SC#0098]	哼!
[015:SC#0124]	瓊斯博士!
[015:SC#0124]	我到處找你找半天!
[015:SC#0124]	印第!
[015:SC#0124]	馬可斯!
[015:SC#0124]	我查到你父親在哪了!\255\003他被囚禁在奧德邊境的\255\001布倫瓦德城堡裡。
[015:SC#0124]	太好了!\255\003我也查到聖杯在哪了!\255\003它在伊斯肯德倫!
[015:SC#0124]	沒錯!伊斯肯德倫!
[015:SC#0124]	呃,馬可斯,你怎麼全身濕透了?
[015:SC#0124]	別問!
[015:SC#0124]	好,我去救老爸!你到伊斯肯德倫跟我會合!
[015:SC#0124]	沒問題!
[015:SC#0124]	小事一樁!
[015:SC#0124]	我這就動身。
[015:SC#0124]	呃^\255\002
[015:SC#0124]	伊斯肯德倫到底在「哪」啊?
[015:SC#0127]	已經滿了。
[015:SC#0127]	現在瓶子裝滿了水。
[015:SC#0127]	我需要比水更烈的東西才能打開它。
[015:SC#0127]	已經乾淨了。
[016:ON#0208]	通往廣場的門
[016:ON#0210]	書架區
[016:ON#0211]	書架區
[016:ON#0212]	書架區
[016:ON#0213]	書架區
[016:ON#0214]	牌匾
[016:OC#0214]	是義大利文。「這些書雖感性,但\255\001依然打動我。G·伽利略」
[016:ON#0215]	牌匾
[016:OC#0215]	上面寫著「喬治·盧卡西捐贈」
[016:ON#0216]	牌匾
[016:OC#0216]	是句義大利諺語。「沒有書架的圖書館\255\001不過是一堆雜亂的書」
[016:ON#0217]	牌匾
[016:OC#0217]	上面寫著「獻給我最愛的小圖書館,\255\001一位好文學的愛好者敬上 — D·阿利吉耶里」
[016:ON#0218]	牌匾
[016:OC#0218]	為紀念史匹柏戎·德·安布利諾伯爵而捐贈。
[016:ON#0219]	牌匾
[016:OC#0219]	是古義大利文。「獻給一座偉大的圖書館,即便\255\001它座落於二流城市。羅慕路斯與雷穆斯」
[017:ON#0224]	隔壁房間
[017:ON#0225]	隔壁房間
[017:ON#0239]	書@@@@@@@@
[017:OC#0239]	地圖集
[017:OC#0239]	書名是「羅馬地下墓穴的祕密」。
[017:OC#0239]	裡面有希特勒的親筆簽名!
[017:ON#0240]	書@@
[017:OC#0240]	手冊
[017:OC#0240]	書名是「如何駕駛雙翼機」。
[017:OC#0240]	裡面有希特勒的親筆簽名!
[017:ON#0241]	書@@@@@@
[017:OC#0241]	我的奮鬥
[017:OC#0241]	是希特勒寫的那本「我的奮鬥」。
[017:OC#0241]	看起來是初版。
[017:OC#0241]	上面題字:「致一位特別的書迷。你的,阿道夫」。
[017:ON#0242]	書
[017:ON#0243]	書
[017:ON#0244]	書
[017:ON#0245]	書
[017:LS#0200]	這些書沒什麼意思。
[017:LS#0200]	這些是我小時候老爸逼我讀的!
[017:LS#0200]	要不是在趕時間,這些或許還挺有意思。
[017:LS#0200]	法西斯宣傳!
[017:LS#0200]	全是講蛇的?我「最討厭」蛇了!
[017:LS#0200]	約櫃的傳說以及其他光怪陸離的\255\001民間故事。
[017:LS#0200]	沒錯。
[017:LS#0200]	交際舞基礎。
[017:LS#0200]	全在講卡波尼亞與斯科拉里安文化。
[017:LS#0200]	啊?
[017:LS#0200]	一堆「如何^」的工具書。
[017:LS#0200]	古義大利地圖。我能在這區待得挺開心。
[017:LS#0200]	著名獨裁者全集。
[017:LS#0201]	這個看起來有意思!
[018:ON#0246]	書架
[018:ON#0247]	書架
[018:ON#0248]	書架
[018:ON#0249]	書架
[018:ON#0250]	窗戶
[018:OC#0250]	這個我看著眼熟,有點像老爸\255\001在日記裡畫的一幅圖。
[018:OC#0250]	我看著非常眼熟。
[018:OC#0250]	它跟日記裡那幅圖「一模一樣」!
[018:OC#0250]	它跟日記裡那幅圖非常相似!
[018:ON#0251]	銘文
[018:OC#0251]	上面刻著這些符號:I IV VII。
[018:OC#0251]	有段古老的刻文:V III IX。
[018:OC#0251]	有人在石頭上刻了數字:II VIII I。
[018:OC#0251]	我看到這裡刻著一些數字:VI II IV。
[018:OC#0251]	有段古老的銘文:III V IV。
[018:ON#0252]	銘文
[018:OC#0252]	有人在石頭上刻了數字:II III IX。
[018:OC#0252]	上面刻著這些符號:VI VIII I。
[018:OC#0252]	有段古老的刻文:V III IV。
[018:OC#0252]	有段古老的銘文:VII VI IV。
[018:OC#0252]	我看到這裡刻著一些數字:IX II V。
[018:ON#0253]	石板-I
[018:ON#0254]	石板-II
[018:ON#0255]	石板-III
[018:ON#0256]	石板-IV
[018:ON#0257]	石板-V
[018:ON#0258]	石板-VI
[018:ON#0259]	石板-VII
[018:ON#0260]	石板-VIII
[018:ON#0261]	石板-IX
[018:ON#0262]	牌匾
[018:OC#0262]	迷人的城鎮。我特別中意我遇到的一個\255\001商人。W·莎士比亞
[018:OC#0262]	烹飪區真讚!L·波吉亞
[018:OC#0262]	圖書館館員為本區遭塗污的牌匾致歉。\255\001負責的員工已遭開除。
[018:OC#0262]	為什麼是鴨子?G·馬克思
[018:OC#0262]	啊,威尼斯。它的圖書館配得上國王。馬可\255\001與朱塞佩·帕爾米耶里
[018:ON#0263]	牌匾
[018:OC#0263]	我對這些書的愛超越了激情與\255\001肉慾^實在找不到好詞來形容。柏拉圖
[018:OC#0263]	另一句諺語:照書本過活的人,\255\001死在床上。
[018:OC#0263]	一位義憤填膺的館員說道,
[018:OC#0263]	你該讀的是書,\255\001不是這些牌匾。
[018:OC#0263]	地理區很完整圓滿。\255\001C·哥倫布
[018:ON#0264]	牌匾
[018:OC#0264]	這樣的書正合我的^胃口。蘇格拉底
[018:OC#0264]	帝國來來去去,但好圖書館永垂不朽!\255\001A·托勒烏斯,亞歷山卓圖書館館長
[018:OC#0264]	這些銘文簡直讓我火冒三丈
[018:OC#0264]	一流的圖書館,但天花板真乏味。麥克·安傑羅
[018:OC#0264]	生物區現在還很原始,但它每天\255\001都更適者生存。C·達爾文
[018:ON#0265]	牌匾
[018:OC#0265]	這兒的動物書選得真好,尤其是關於\255\001兩棲與鳥類的。亞里斯多芬
[018:OC#0265]	我愛這兒的軍事書,但他們竟敢\255\001把它們分成三部分。J·凱撒
[018:OC#0265]	它們根本是憑空捏造
[018:OC#0265]	航空和繪畫的書可以再多些。李奧·D·文西
[018:OC#0265]	我樂意為這座美妙的圖書館盡份心,但這兒的\255\001柱子用得讓我很不安。S·佛洛伊德
[018:ON#0266]	牌匾
[018:OC#0266]	此牌匾刻意留白。
[018:OC#0266]	別現在看,不過館員們正密謀對付你。\255\001N·馬基維利
[018:OC#0266]	以及我深切的憤慨
[018:OC#0266]	這棟建築拒絕凋零,真是「資」得讚賞。\255\001K·馬克思
[018:OC#0266]	絕妙的格局。我愛從一處出發,繞著\255\001整座圖書館走一圈。F·麥哲倫
[018:ON#0267]	牌匾
[018:OC#0267]	這兒田園詩般愜意,但每個人都叫我噓!\255\001E·卡魯索
[018:OC#0267]	旅途中順道一遊的好地方。\255\001厚皮動物照護的書可以再多些。漢尼拔
[018:OC#0267]	簡直要把我逼^瘋了!
[018:OC#0267]	叭叭!H·馬克思
[018:OC#0267]	我很想留下來支持本地圖書館,但今天\255\001我超想吃中國菜。M·波羅
[018:ON#0268]	石獅
[018:OC#0268]	這獅子沒啥看頭,但那段銘文\255\001似乎很重要。
[018:ON#0269]	石獅
[018:ON#0272]	金屬柱
[018:ON#0270]	警戒繩欄
[018:LS#0200]	我先把這條紅繩取下來。
[018:LS#0201]	又來了!
[018:LS#0201]	那是什麼聲音?
[018:LS#0201]	那邊那個!別動!
[018:LS#0202]	感覺鬆動了——我或許能把它撬起來。
[018:LS#0203]	紅繩
[018:LS#0204]	我看這主意不太妙。\255\003就算下面有東西,我也不知道\255\001該敲開哪塊石板。\255\003要是有老爸的筆記就好了!
[018:LS#0204]	我需要用個能撬動的工具。
[018:LS#0205]	老爸「到處」找羅馬數字?!?!
[019:ON#0278]	頭頂的洞
[019:ON#0279]	鬆動的石板
[019:OC#0279]	我離開時順手把它拉上來就好。
[019:LS#0200]	不知怎地,我覺得那塊石板不對。
[019:SC#0053]	你跟我走一趟!
[019:SC#0053]	這是你「最後」的機會!
[019:SC#0053]	好啊,你完蛋了!
[020:SC#0060]	喂!上次見你時你可沒穿這身!\255\003你一定就是那個闖入者!!!
[020:SC#0060]	納粹比夫
[020:SC#0064]	站住!站住!
[020:SC#0120]	我拿到他的啤酒杯了。
[020:SC#0120]	我在他身上搜到 \255\004\004\064 馬克!
[020:SC#0120]	他身上什麼都沒有。
[021:ON#0316]	電線
[021:OC#0316]	似乎沒什麼動靜。
[021:OC#0316]	我想這是警報系統的一部分。
[021:ON#0311]	門
[021:OC#0311]	鎖住了!
[021:ON#0312]	大廳
[021:ON#0313]	大廳
[021:SC#0085]	要去哪兒嗎?
[021:SC#0085]	啊,瓊斯博士!
[021:SC#0085]	有事?\255\002
[021:SC#0085]	有事?
[021:SC#0085]	這個給你。
[021:SC#0085]	小子!
[021:SC#0085]	你兒子腦子也許不太靈光^\255\003但他確實證明了自己有膽量。
[021:SC#0085]	椅子
[021:SC#0085]	椅子
[021:SC#0085]	現在我們該怎麼辦,小子?
[021:SC#0085]	我不知道^我會想出辦法的。
[021:SC#0104]	你有個我想要的東西。我相信我能——\255\002
[021:SC#0104]	 說服——\255\002
[021:SC#0104]	\255\001你把它交出來。
[021:SC#0104]	想都別想,納粹敗類!
[021:SC#0104]	我們不能談個條件嗎?
[021:SC#0104]	你連魚游泳都說服不了,你這自大的蠢蛋。
[021:SC#0104]	提出一件物品
[021:SC#0104]	揮出一拳
[021:SC#0104]	省點力氣吧,你會用得上的。
[021:SC#0104]	談條件的時機已經過了。
[021:SC#0104]	我得教你點規矩。
[021:SC#0104]	算了!走著瞧!
[021:SC#0104]	我想這就是你要找的東西。
[021:SC#0104]	啊,聖杯日記!很高興你決定合作。
[021:SC#0104]	那可不是我的本意。
[021:SC#0104]	啊,聖杯日記!
[021:SC#0104]	我相信元首見了這個一定大為高興!
[022:ON#0320]	前門
[022:OC#0320]	外頭大約有三十個納粹士兵!\255\003我們最好另找條路出去。
[022:ON#0317]	門口
[022:ON#0318]	大廳
[022:ON#0319]	門口
[022:SC#0076]	那您是哪位?
[022:SC#0076]	羅伯特·麥克法爾法勳爵。我來檢查掛毯的。
[022:SC#0076]	你就是那個在鎮上有親戚的人嗎?
[022:SC#0076]	別管那個。這裡誰負責?
[022:SC#0076]	揮出一拳
[022:SC#0076]	掛毯?
[022:SC#0076]	我在薩爾茲堡的姪子奧托?出什麼事了嗎?
[022:SC#0076]	您若沒有預約,就得離開。\255\003沒有特別許可,任何人不得進入。
[022:SC#0076]	那就讓我給你點「許可」。
[022:SC#0076]	這可是座城堡,爾等是有掛毯的,可不是麼?
[022:SC#0076]	你聾了嗎,老兄?還不快去通報布倫瓦德勳爵。
[022:SC#0076]	是,我們有掛毯。但你要是\255\001蘇格蘭勳爵,我就是電影明星了。
[022:SC#0076]	那你早該找你的替身來了。
[022:SC#0076]	別傻了。那種把戲連\255\001B 級冒險片都騙不過去。
[022:SC#0076]	也許吧,但「這個」行得通。
[022:SC#0076]	不,他沒事,但你必須立刻去找他。
[022:SC#0076]	他受傷了。他在附近開車衝出了路面。
[022:SC#0076]	不是他,是他父親。奧托派我來找你。
[022:SC#0076]	等一下,先生。我怎麼確定\255\001你真的認識奧托?
[022:SC#0076]	那個奧托啊,他明知道自己不該開車的。\255\003他才四歲,\255\001踏板都搆不太到呢。
[022:SC#0076]	喔,呃^可惡!
[022:SC#0076]	他父親?奧托見到鬼魂了?我哥哥\255\001去年就過世了。
[022:SC#0076]	對,可是——我是說,他——啊!
[022:SC#0076]	你當然無法確定。相信我就是了。
[022:SC#0076]	我能證明我認識奧托。
[022:SC#0076]	恐怕光憑你一句話還不夠。
[022:SC#0076]	除了我這隻手,我沒別的能給你了。
[022:SC#0076]	那你打算怎麼證明?
[022:SC#0076]	我知道他的名字。我知道他叔叔在哪上班。證明完畢。
[022:SC#0076]	喔。那個^我最好立刻去找他。
[022:SC#0077]	哈囉!
[023:ON#0338]	鬆動的磚塊
[023:OC#0338]	看來這城堡正在分崩離析。
[023:OC#0338]	不行,沒那麼鬆。
[023:OC#0338]	已經推進去了。
[023:OC#0338]	我沒法再把它拉出來了。
[023:ON#0323]	門
[023:ON#0321]	窗戶
[023:OC#0321]	這扇窗不是能打開的那種。
[023:OC#0321]	外頭是個暴風雨的夜晚!
[023:ON#0324]	掛毯
[023:OC#0324]	看起來破破爛爛的。
[023:OC#0324]	老爸不會喜歡的。
[023:OC#0324]	我不要它,而且它後面什麼也沒有。
[023:ON#0326]	門
[023:ON#0328]	門
[023:ON#0333]	窗戶
[023:OC#0333]	外面是垂直的斷崖,沒地方站。
[023:OC#0333]	這扇窗幾百年沒開過了^我推不動它。
[023:ON#0335]	窗戶
[023:ON#0334]	窗戶
[023:OC#0334]	外面有道突出的窄崖。
[023:OC#0334]	不,我要留下來陪老爸。
[023:ON#0336]	窗戶
[023:ON#0337]	啤酒杯
[023:OC#0337]	是空的。
[023:OC#0337]	裝滿了麥酒。
[023:EN#0023]	醉醺醺的士兵
[023:LS#0202]	士兵
[023:LS#0204]	給。
[023:LS#0204]	我有個東西要給你。
[023:LS#0204]	不好意思!
[023:LS#0204]	給。
[023:LS#0204]	嘿,多謝啦!
[023:LS#0204]	是空的!我想喝點麥酒的!
[023:LS#0204]	你真大方,不過連我都有極限的!
[023:LS#0204]	不用了,謝謝。我不要。
[023:SC#0108]	哈囉(嗝)我的好朋友。
[023:SC#0108]	你在這兒幹嘛?
[023:SC#0108]	失陪了,我得走了。
[023:SC#0108]	哈囉,你好嗎?
[023:SC#0108]	提出一件物品
[023:SC#0108]	揮出一拳
[023:SC#0108]	我?在這兒?說啊——咱們這些人這輩子\255\001幹嘛被擱在這兒呢?
[023:SC#0108]	再會!
[023:SC#0108]	糟透了。我的麥酒喝光了。
[023:SC#0108]	士兵,你當值時喝醉了!
[023:SC#0108]	有意思的問題。你怎麼看?
[023:SC#0108]	沒想到在這兒能遇到個哲學家!
[023:SC#0108]	我(嗝)我讓你看看誰醉了!
[023:SC#0108]	怎麼,我^我想^我想我得再來一杯。
[023:SC#0108]	這座城~堡裡啥樣的人都有。
[023:SC#0108]	告訴我你的麥酒哪兒弄來的。
[023:SC#0108]	我能再給你弄杯喝的嗎?
[023:SC#0108]	反正你也許最好別再喝了。
[023:SC#0108]	在廚房,往那邊^
[023:SC#0108]	^不,等等,它在^
[023:SC#0108]	^它就在這附近某~處。
[023:SC#0108]	有~個混蛋拿走了我的酒~杯!
[023:SC#0108]	謝啦!來,拿去我的啤酒~杯!
[023:SC#0108]	你就~跟這兒其他古板鬼一個樣。\255\003除了樓梯邊那個赫爾穆特。
[023:SC#0108]	你的指揮官如何?
[023:SC#0108]	有誰是我該避開的?
[023:SC#0108]	你們在奧地利這兒駐了一整支衛戍部隊?
[023:SC#0108]	佛格上校?他簡~直是個惡魔!不過記住,\255\001你(嗝)可不是從我這兒聽來的。
[023:SC#0108]	三樓那個大塊頭清~醒的時候可不好惹。\255\003還有當心那個看守警報、死板板的標準納粹。
[023:SC#0108]	別傻~了,我們還沒開戰——還沒呢。我們\255\001統共也就十來~個人。
[023:SC#0108]	隨~你便。
[023:SC#0121]	喂!你從那扇窗偷溜進來幹嘛!
[023:SC#0121]	喂!上次見你時你可沒穿這身!
[023:SC#0121]	你一定就是那個闖入者!!!
[023:SC#0121]	又見面啦!
[024:ON#0360]	急救箱
[024:OC#0360]	是個正規的紅十字急救箱。
[024:OC#0360]	我留到需要的時候再用。
[024:OC#0360]	我現在感覺好多了。
[024:ON#0359]	銀鑰匙
[024:OC#0359]	看起來像是某扇門的鑰匙。
[024:ON#0341]	窗戶
[024:OC#0341]	呼!離地面可真高!
[024:OC#0341]	這扇窗打不開。
[024:ON#0342]	窗戶
[024:OC#0342]	看看下面那些納粹!\255\003我「恨」死那幫傢伙了!
[024:ON#0343]	門口
[024:ON#0344]	窗戶
[024:OC#0344]	嘿!對面是艾爾莎!\255\003她跟那堆納粹混在一起幹嘛?
[024:OC#0344]	這些窗打不開。
[024:ON#0346]	門
[024:ON#0347]	門口
[024:OC#0347]	這兒沒有門。
[024:ON#0348]	畫
[024:OC#0348]	沒什麼好看的。
[024:OC#0348]	這幅畫動不了。
[024:ON#0349]	畫
[024:OC#0349]	「玩撲克的狗」。老爸以前在跳蚤市場\255\001買過一幅這個!
[024:ON#0350]	箱子
[024:OC#0350]	是個關著的箱子。
[024:OC#0350]	太好了!裡面有 \255\004\053\000 馬克!
[024:OC#0350]	這裡頭有套制服。我拿走了。
[024:OC#0350]	是空的。
[024:ON#0351]	桌子
[024:OC#0351]	嗯。十四世紀喬治亞盧卡斯式。
[024:OC#0351]	還是別了。這顯然是件值錢的古董。
[024:ON#0354]	門口
[024:ON#0357]	制服@@@@@
[024:OC#0357]	是套軍官制服,對我來說太小了。
[024:OC#0357]	等等!\255\002
[024:OC#0357]	口袋裡有東西!
[024:OC#0357]	是把鑰匙!
[024:OC#0357]	我把制服扔了,改留下鑰匙。
[024:OC#0357]	黃銅鑰匙@@@
[024:OC#0357]	是把小小的黃銅鑰匙。
[024:OC#0357]	太小了。
[025:ON#0365]	整套盔甲
[025:OC#0365]	保存得真好。我看是十世紀末的。
[025:OC#0365]	也許被固定住了。
[025:OC#0365]	沒有任何反應!
[025:OC#0365]	哎呀!
[025:ON#0362]	雕像
[025:OC#0362]	嗯。它肚子那兒看起來有點怪。
[025:ON#0372]	雕像
[025:OC#0372]	似乎沒什麼動靜。
[025:OC#0372]	這兒沒什麼有意思的。
[025:ON#0361]	門
[025:OC#0361]	門鎖住了!
[025:ON#0363]	壁爐
[025:OC#0363]	走吧!
[025:LS#0200]	印第
[025:LS#0200]	亨利
[025:LS#0201]	我辦不到!
[025:LS#0201]	我被綁得死死的!
[025:LS#0201]	椅子
[025:LS#0201]	椅子
[025:LS#0203]	亨利
[025:LS#0203]	印第
[025:LS#0203]	小子,你做事老是這麼驚險嗎?
[025:LS#0204]	我看這主意不太妙!
[025:LS#0204]	我們還不夠近!
[026:ON#0402]	烤野豬
[026:OC#0402]	太硬了,撕不開。
[026:OC#0402]	我想它早就不渴了。
[026:OC#0402]	沒烤熟的豬肉可不是我愛吃的。
[026:OC#0402]	這是我見過最大的烤野豬。\255\001要吃完得花「好長」時間。
[026:ON#0373]	門
[026:ON#0396]	門
[026:ON#0398]	蒸氣
[026:OC#0398]	哎喲!
[026:ON#0401]	熱炭
[026:OC#0401]	已經涼了。
[026:OC#0401]	\255\006\000\064 是空的。
[026:ON#0395]	龍頭
[026:OC#0395]	看來是空的。
[026:OC#0395]	已經滿了。
[026:OC#0395]	酒桶空了。
[026:OC#0395]	我沒法把麥酒裝進那裡!
[026:ON#0385]	酒桶
[026:LS#0200]	哎喲!太燙了!
[026:LS#0208]	熱炭
[026:LS#0208]	炭@@@@
[027:ON#0404]	大廳門
[027:ON#0405]	僕役制服
[027:OC#0405]	是套僕役制服。
[027:OC#0405]	正合我身!
[027:ON#0406]	灰色制服
[027:OC#0406]	是套軍官制服。
[027:OC#0406]	正合我身!
[027:ON#0407]	鎖
[027:OC#0407]	我想我需要一把鑰匙。
[027:OC#0407]	真不懂他們幹嘛為了這些制服\255\001用這麼大一把鎖。
[027:ON#0403]	印第穿著\016\017 由盧卡斯影業出品
[027:OC#0403]	是我的皮夾克和呢帽。
[027:OC#0403]	是小子的衣服。
[027:LS#0200]	怪了!它被鎖在衣架上。
[027:SC#0052]	不,外頭太滑,穿那個不行。
[027:SC#0052]	現在不行!他會看到的!
[027:SC#0052]	看到什麼?
[027:SC#0052]	沒事!
[027:SC#0052]	我才不穿「那個」!
[027:SC#0052]	那是什麼?
[028:OC#0445]	門鎖住了!
[028:SC#0070]	我不認得你!你一定就是那個闖入者!
[028:SC#0070]	午安,先生!祝您在布倫瓦德城堡待得愉快。
[028:SC#0070]	先生!只有與藝術收藏\255\001相關事務者才准進入這區。
[028:SC#0070]	您好,先生。
[028:SC#0070]	呃,抱歉,這裡是管制——我是說,管制區。
[028:SC#0070]	您好,先生!我必須告知您這是最高機密區!
[028:SC#0070]	你好。這兒能見到新面孔真不錯。不過\255\001你不該擅離指派的崗位。
[028:SC#0070]	喔,嗯——你有什麼事嗎?
[028:SC#0070]	士兵!你的褲子皺巴巴的!
[028:SC#0070]	你好,朋友。今天站崗如何?
[028:SC#0070]	我有公務在身。可以通過嗎?
[028:SC#0070]	提出一件物品
[028:SC#0070]	揮出一拳
[028:SC#0070]	抱歉,長官,沒時間燙^
[028:SC#0070]	無聊透了,你該清楚的。\255\003我有點認不出你這張臉。
[028:SC#0070]	我總是樂於盡我的職責。\255\003你對我來說是個生人。\255\003沒有許可,任何人不得進入。
[028:SC#0070]	跟往常一樣無聊。\255\003我認識你嗎?
[028:SC#0070]	附近有個闖入者。我得搜你的身。
[028:SC#0070]	讓我幫你個忙。
[028:SC#0070]	公務啊——很好,過去吧。
[028:SC#0070]	可是我認不出你。
[028:SC#0070]	什麼爛藉口!你也配自稱軍官?
[028:SC#0070]	連夾克上的污漬都沒空清掉?
[028:SC#0070]	不,我自稱下士。\255\001而我管「你」叫冒牌貨!
[028:SC#0070]	唉,你也知道廚子什麼都要淋上他那\255\001「西利西亞驚奇醬」。
[028:SC#0070]	醬?你這蠢貨!你浪費我時間,讓開!
[028:SC#0070]	或許你該拿那醬來擦擦那雙鞋。
[028:SC#0070]	是,長官,您說了算。
[028:SC#0070]	你太過分了!
[028:SC#0070]	鞋?你連我們的制式軍靴都認不得?\255\001你到底是誰?
[028:SC#0070]	什麼!你不記得我了?
[028:SC#0070]	不,我今天剛調來這兒。新命令。
[028:SC#0070]	不!你以為你是哪根蔥?
[028:SC#0070]	不,我「不」認識!請表明身分!
[028:SC#0070]	命令?能讓我看看嗎?
[028:SC#0070]	我是海因里希上尉。我來視察你的部隊。
[028:SC#0070]	士兵!這是跟上級軍官說話的態度嗎!
[028:SC#0070]	我們今早才視察過!站住!
[028:SC#0070]	抱歉,長官,但沒人通知我今天有誰要來。\255\001我得向您索取證明。
[028:SC#0070]	佛格上校知道我。請立刻打給他。
[028:SC#0070]	你的指揮官認識我。請立刻打給他。
[028:SC#0070]	證明?我要是不屬於這兒,你以為我怎麼進得來?
[028:SC#0070]	唉,或許那沒必要。希特勒萬歲!
[028:SC#0070]	你以為能嚇唬我?我有鋼鐵般的意志!
[028:SC#0070]	那來看看你的下巴是不是玻璃做的。
[028:SC#0070]	而你不知道他的名字?我看你就是個闖入者!
[028:SC#0070]	唉,我不得不佩服你^
[028:SC#0070]	那就留給上校來決定吧。\255\003吃我這招!!!
[028:SC#0070]	我看看^一份薯條,一份涼拌菜絲。
[028:SC#0070]	就在這兒^不過你不會想要的。
[028:SC#0070]	當然!您有最高機密許可吧?
[028:SC#0070]	別跟我耍嘴皮子!
[028:SC#0070]	站住!!把它們交給我!
[028:SC#0070]	沒有,西格弗里德有——他在樓上工作——不過^\255\001我想你要是有那許可,應該就沒問題。
[028:SC#0070]	嗯,是,我有,但我還需要^
[028:SC#0070]	等等。你是西格弗里德嗎?\255\003有人叫我來找你。
[028:SC#0070]	喔^他們又忘了跟我交代。\255\003你可以過了。
[028:SC#0070]	嗯,沒有,但是——我還是需要點權威證明!
[028:SC#0070]	沒問題,這個就很有「權威」。
[028:SC#0070]	錢?我不覺得你欠我錢啊!
[028:SC#0070]	喔!你有一幅那種聖杯的畫!\255\003我把它跟其他的一起放進金庫。
[028:SC#0070]	一幅畫?那不歸我管。
[028:SC#0070]	謝謝你的酒!
[028:SC#0070]	你的酒杯還你。
[028:SC#0070]	空酒杯?你什麼意思?
[028:SC#0070]	我當值時不喝酒!
[028:SC#0070]	我喝不了「那麼」多!
[028:SC#0070]	你偷了上校的獎盃!
[028:SC#0070]	我不要那個!
[028:SC#0071]	穿皮夾克的那個!你在這兒幹嘛?
[028:SC#0071]	站住。你是來辦公務的嗎?
[028:SC#0071]	那邊那個!這是最高保安區!
[028:SC#0071]	你不准上來這兒!
[028:SC#0071]	嗨!我在賣像我身上這件的高級皮夾克。
[028:SC#0071]	快,讓開,我有口信要給上校!
[028:SC#0071]	囚犯在哪?我是來審問他的。
[028:SC#0071]	提出一件物品
[028:SC#0071]	揮出一拳
[028:SC#0071]	夾克?什麼?誰讓你進來的?
[028:SC#0071]	等等!什麼口信?還有你是誰?
[028:SC#0071]	他們把他關在樓上。但你是誰?
[028:SC#0071]	我就晃進來了。門口沒人。
[028:SC#0071]	我有授權。不然我怎麼進得來?
[028:SC#0071]	你不能那樣!給我站住!
[028:SC#0071]	嗯,這倒沒錯。夾克多少錢?
[028:SC#0071]	我才不買那夾克,也不買你那套說詞!
[028:SC#0071]	那就讓我免費送你一件——不收錢!
[028:SC#0071]	一件只要兩馬克!給我們英勇士兵的超值優惠!
[028:SC#0071]	十五馬克。寒夜站崗正合用。
[028:SC#0071]	這上等皮料,三百馬克,先付款。
[028:SC#0071]	荒謬!你想耍我。\255\003把你的授權給我看。
[028:SC#0071]	讓我「親手」交給你!
[028:SC#0071]	聽起來合理。\255\003幫我登記一件——克魯格下士。
[028:SC#0071]	啊,請先付現。
[028:SC#0071]	沒問題!
[028:SC#0071]	豈有此理!你才不是什麼推銷員。\255\003把你的授權給我看。
[028:SC#0071]	讓我「親手」交給你!
[028:SC#0071]	沒時間解釋,讓我過去就是!
[028:SC#0071]	算你問對了!我很高興你問。
[028:SC#0071]	不!給我個解釋,否則你不准過。
[028:SC#0071]	好,注意看這個。
[028:SC#0071]	啊?你什麼意思?
[028:SC#0071]	我在進行一場保安測試。
[028:SC#0071]	我奉命把口信傳給任何問起的人。
[028:SC#0071]	慢著!我怎麼知道你不是間諜。
[028:SC#0071]	嘿!樓下那陣騷動八成是你搞的。
[028:SC#0071]	看來我在這兒也要搞出一點來。
[028:SC#0071]	荒謬!那不符合標準程序。
[028:SC#0071]	這個也不符合!
[028:SC#0071]	好吧,過來告訴我。
[028:SC#0071]	口信是「吃我一拳」。
[028:SC#0071]	好極了!你過關了。你也許會升官!
[028:SC#0071]	間諜進得了這麼遠嗎?別傻了。
[028:SC#0071]	我怎麼知道「你」不是間諜?「你的」命令呢?
[028:SC#0071]	真的?太好了!\255\003你得去向我的指揮官報告。
[028:SC#0071]	那蠢管家什麼人都放得進來。別動。
[028:SC#0071]	抱歉。
[028:SC#0071]	別鬧了。把手伸過來,我得把它們綁起來。
[028:SC#0071]	給你一隻!
[028:SC#0071]	別管那個。我必須立刻見他!讓開。
[028:SC#0071]	蓋世太保。特別調查組。我是迪特里希的繼任者。
[028:SC#0071]	不行!我要看你的授權,「立刻」。
[028:SC#0071]	這就是你需要的全部授權!
[028:SC#0071]	迪特里希!\255\003他不是死在那場「約櫃」慘劇裡了嗎?
[028:SC#0071]	沒聽過這人。
[028:SC#0071]	那聽聽這個。
[028:SC#0071]	你怎麼會知道那件事?你在洩密嗎?
[028:SC#0071]	是啊。一位勇者的悲慘下場!
[028:SC#0071]	不,長官!呃^您現在可以走了,長官,抱歉。
[028:SC#0071]	他?勇敢?你八成不認識他。\255\003把你的身分證件給我看。
[028:SC#0071]	我不收賄!
[028:SC#0071]	那也許你會收下這個!
[028:SC#0071]	你拿那幅值錢的畫做什麼!
[028:SC#0071]	一幅畫?那不歸我管。
[028:SC#0071]	謝啦!
[028:SC#0071]	你的酒杯還你。
[028:SC#0071]	你想拿個空酒杯逗我嗎?
[028:SC#0071]	我當值時不喝酒!
[028:SC#0071]	我喝不了「那麼」多!
[028:SC#0071]	你偷了上校的獎盃!
[028:SC#0071]	我不要那個!
[028:SC#0103]	你不該到處亂晃!\255\001有人闖進了城堡。\255\003欸,那制服不合身。\255\003你就是那個闖入者!
[028:SC#0103]	誰准你在這兒到處亂晃的?
[028:SC#0103]	你在這兒幹嘛?
[028:SC#0103]	那你又在找什麼?
[028:SC#0103]	我看看^欸,你。你知道自己要去哪嗎?
[028:SC#0103]	僕役,在這兒?等等,你才不是什麼僕役!
[028:SC#0103]	我替你一個同袍跑腿辦事。
[028:SC#0103]	不好意思,我正要去拿掃帚。
[028:SC#0103]	我是新來的。廚房在哪?
[028:SC#0103]	提出一件物品
[028:SC#0103]	揮出一拳
[028:SC#0103]	是嗎?你在替他拿什麼東西?
[028:SC#0103]	真的?這趟差事是什麼性質?
[028:SC#0103]	等等。我認不出你。「而且」你的制服太小了。
[028:SC#0103]	慢著。你這張臉我不熟。
[028:SC#0103]	你不該到處亂晃。去向你的上司報到。
[028:SC#0103]	我奉命去取幾雙靴子來擦。
[028:SC#0103]	我給他送杯喝的。
[028:SC#0103]	他把那些靴子留在哪了?
[028:SC#0103]	什麼飲料?
[028:SC#0103]	在頂樓的一個房間。
[028:SC#0103]	樓下,地窖裡。
[028:SC#0103]	在二樓。它們的主人正在站崗。
[028:SC#0103]	你在說謊!那裡不准僕役進入!
[028:SC#0103]	這兒根本沒有地窖!你算哪門子僕役?
[028:SC#0103]	自由的僕役!
[028:SC#0103]	二樓?他駐守在哪?
[028:SC#0103]	在廚房。
[028:SC#0103]	他在站崗,跟你一樣。
[028:SC#0103]	我不確定,我奉命去找他。
[028:SC#0103]	不可能!
[028:SC#0103]	嗯,我想那沒問題。\255\003你可以去找他。
[028:SC#0103]	那當然有可能。不過靠近點。\255\001你的制服不合身,而我^\255\003怎麼,你才不是什麼僕役!
[028:SC#0103]	沒人會下這種蠢命令,你\255\001以為我腦袋是石頭做的嗎?
[028:SC#0103]	為了我這拳頭著想,我真希望不是!
[028:SC#0103]	就一杯上好的德國啤酒。
[028:SC#0103]	一些本地咖啡,幫他提神。
[028:SC#0103]	唉,他不該——不過我自己也想來一杯。\255\001他膽子真不小,但上校不會喜歡的。
[028:SC#0103]	當值時不准喝酒!那會拖慢反應。
[028:SC#0103]	來看看你的反應如何。
[028:SC#0103]	哈!真正的僕役會知道這兒每個士兵\255\001都學會了絕不讓那種泥漿碰到嘴唇!
[028:SC#0103]	那給他們來點別的。
[028:SC#0103]	抱歉,長官,我今天第一天上工。
[028:SC#0103]	可我上週才伺候過你早餐!
[028:SC#0103]	我這制服是跟克勞斯借的。
[028:SC#0103]	你的上司是誰?
[028:SC#0103]	冒牌貨!我們這兒早餐自己找,不然就餓著。
[028:SC#0103]	克勞斯?這個克勞斯是誰?非常可疑。
[028:SC#0103]	他棕色頭髮,中等身高。
[028:SC#0103]	我有特別任務,不能透露。
[028:SC#0103]	他們倆都是白鬍子老頭,而你是個冒牌貨!
[028:SC#0103]	我是個軍人。你「現在」就得交代。
[028:SC#0103]	希望你不介意我用拳頭說話。
[028:SC#0103]	他很高,黑頭髮。
[028:SC#0103]	我說克勞斯了嗎?我是指克勞德。
[028:SC#0103]	這兒沒這個人!你被自己的謊話困住了。
[028:SC#0103]	還沒完全困住呢。
[028:SC#0103]	那招也沒用,間諜!
[028:SC#0103]	唉呀,我不知道上哪找他。你知道嗎?
[028:SC#0103]	是,長官,等我辦完差事就去。
[028:SC#0103]	很好,我這就去找他。
[028:SC#0103]	嗯?我沒空理這種廢話,自己去找他!
[028:SC#0103]	沒有僕役會被交代得這麼草率。你是誰?
[028:SC#0103]	你的剋星!
[028:SC#0103]	慢著!既然你迷路了,我最好陪你走一趟。
[028:SC#0103]	好,你可以握住我的手。
[028:SC#0103]	但首先我得看你的身分文件。
[028:SC#0103]	抱歉,我「最討厭」文書作業了。
[028:SC#0103]	錢?一個僕役上哪弄來這麼多錢?
[028:SC#0103]	你拿那個做什麼?\255\003你知道僕役不准碰任何值錢的東西!
[028:SC#0103]	一幅畫?那不歸我管。
[028:SC#0103]	你怎麼知道我渴了!
[028:SC#0103]	你的酒杯還你。
[028:SC#0103]	你想拿個空酒杯逗我嗎?
[028:SC#0103]	我當值時不喝酒!
[028:SC#0103]	我喝不了「那麼」多!
[028:SC#0103]	你偷了上校的獎盃!
[028:SC#0103]	我不要那個!
[029:ON#0449]	金庫門
[029:OC#0449]	我來轉密碼^
[029:OC#0449]	我不知道密碼。
[029:ON#0448]	大幅畫作
[029:ON#0447]	大幅畫作
[029:OC#0447]	看起來像是按數字填色版的蒙娜麗莎。\255\003我看達文西不會欣賞這個!
[029:ON#0450]	畫
[029:OC#0450]	是喬治·秀拉的「公園裡的星期日」。
[029:OC#0450]	太大了。
[029:ON#0451]	門
[029:ON#0452]	畫
[029:OC#0452]	上面寫著「弗雷德博士與艾德娜護士的大喜之日,\255\001就在啟程前往美國之前。」
[029:ON#0453]	畫
[029:OC#0453]	這也算藝術?看起來更像誰家的防塵布。
[029:OC#0453]	我可不想弄得滿手油漆!
[029:ON#0454]	畫
[029:OC#0454]	是愛德華·馬內的「吹笛少年」。
[029:ON#0455]	畫
[029:OC#0455]	看起來像棟德國鄉間別墅。
[029:ON#0456]	畫
[029:OC#0456]	是布倫瓦德城堡。
[029:ON#0458]	雕像上的牌匾
[029:OC#0458]	如尋獲,請寄往羅浮宮,郵資已付。(法文)
[029:ON#0457]	雕像
[029:OC#0457]	也許某處有塊牌匾。
[029:OC#0457]	太重了,搬不動。
[029:ON#0459]	畫
[029:OC#0459]	這幅我認得!是馬克·法拉利的「海濱」。
[029:ON#0460]	畫
[029:OC#0460]	看起來像廉價科幻漫畫裡的\255\001幾隻怪物。
[029:ON#0461]	畫
[029:OC#0461]	是瑞士阿爾卑斯山裡的一座山。
[029:LS#0200]	我看我不該動它。這顯然是無價之寶,\255\001我可能會弄壞它。
[030:ON#0462]	畫
[030:OC#0462]	看起來是幅聖杯的畫!
[030:ON#0463]	門口
[030:ON#0464]	畫
[030:OC#0464]	我不再需要它了。
[030:OC#0464]	是我畫的我父親那座獎盃。
[031:ON#0465]	門
[031:ON#0466]	鐵柵
[031:OC#0466]	已經短路了。
[031:OC#0466]	\255\006\000\064 是空的。
[031:OC#0466]	似乎被焊死了。
[031:OC#0466]	我看到裡面有一堆電線和發光的真空管。
[031:OC#0466]	所有真空管似乎都短路了。
[031:ON#0467]	保安系統
[031:OC#0467]	這是城堡的保安系統。
[031:OC#0467]	它肯定啟動了。
[031:OC#0467]	我把它解除了。
[031:OC#0467]	我沒看到上面有任何開關。
[031:SC#0105]	有闖入者!
[031:SC#0105]	這是管制區!不准僕役進入!
[031:SC#0105]	我來教你認清自己的本分。
[031:SC#0105]	有訪客!日子最近真夠無聊的。
[031:SC#0105]	我來換你的班。
[031:SC#0105]	指揮官辦公室找你。
[031:SC#0105]	樓下有個闖入者,快!
[031:SC#0105]	提出一件物品
[031:SC#0105]	揮出一拳
[031:SC#0105]	我還有四小時才下班!你^\255\002
[031:SC#0105]	你是個冒牌貨!
[031:SC#0105]	等等!\255\002
[031:SC#0105]	我不認識你。\255\002
[031:SC#0105]	這裡有點不對勁!
[031:SC#0105]	是嗎?\255\002
[031:SC#0105]	我想我找到他了,而且他不太聰明!
[031:SC#0105]	我不收賄!
[031:SC#0105]	嘿,這是我最愛的書!還是初版!\255\003你介意趁我\255\001重讀我最愛的段落時幫忙看著燈光嗎?
[031:SC#0105]	一點也不。
[031:SC#0105]	你開玩笑吧?你到底是誰?等等^
[032:SC#0086]	嘿!你不准來這兒。
[032:SC#0086]	任何人不准靠近囚犯。上校的命令。
[032:SC#0086]	新命令。我來換你的班。
[032:SC#0086]	我奉命把囚犯帶下樓。
[032:SC#0086]	嘿,我可不會跟這麼威風的拳擊手爭辯。
[032:SC#0086]	提出一件物品
[032:SC#0086]	揮出一拳
[032:SC#0086]	我「從不」需要換班。你說我是娘娘腔嗎?
[032:SC#0086]	不行不行。那違反命令。
[032:SC#0086]	給我讓開,否則後果自負。
[032:SC#0086]	你得學點規矩,小子。
[032:SC#0086]	別「那樣」叫我!
[032:SC#0086]	是嗎?
[032:SC#0086]	我才不收什麼賄賂!
[032:SC#0086]	哼。
[032:SC#0086]	那一丁點兒我根本沒嘗到味。\255\003而且你還是不准上來這兒。
[032:SC#0086]	我幹嘛要個空酒杯?
[032:SC#0086]	啊啊啊!
[032:SC#0086]	(嗝!)\255\003呃,那真是^\255\003(嗝!)\255\003^好喝!但我還是得^\255\003(嗝!)\255\003^教教你^\255\003(嗝!)\255\003^別上來這兒!
[032:SC#0086]	你贏了個獎盃!了不起喔!
[032:SC#0086]	我不需要那個!
[033:ON#0500]	門
[033:OC#0500]	鎖住了。
[033:ON#0501]	窗戶
[033:OC#0501]	不,我要留下來陪老爸。
[033:OC#0501]	呃,小子,你該不會指望「我」從\255\001窗戶爬出去吧?
[033:OC#0501]	我會回來接你。
[033:ON#0513]	櫥櫃
[033:OC#0513]	這裡頭有些錢。\255\004\053\000 馬克!
[033:LS#0200]	小子!你是來救我的!
[033:LS#0200]	但你有必要對整座城堡宣布嗎?
[033:LS#0200]	老爸!我們快離開這兒!
[033:LS#0200]	好,兒子,你帶路。
[033:LS#0200]	你總算回來了!
[033:LS#0207]	不,這個你先拿著。
[033:SC#0116]	現在鎖住了。
[034:ON#0516]	大廳
[034:ON#0519]	通行證
[034:OC#0519]	是張沒簽名的旅行通行證,背面\255\001有一組密碼。
[034:OC#0519]	我的旅行通行證有希特勒的簽名!
[034:ON#0520]	獎盃
[034:OC#0520]	上面寫著「頒予佛格上校,榮獲\255\0011937 年柏林焚書大賽冠軍,\255\003      類別:非小說。」
[034:OC#0520]	是空的。
[034:OC#0520]	裝滿了麥酒。
[034:ON#0518]	檔案抽屜
[034:OC#0518]	是個檔案櫃。
[034:OC#0518]	這兒有張白紙。
[034:OC#0518]	這裡頭沒什麼有用的。
[034:ON#0517]	檔案櫃
[034:EN#0034]	狗
[034:LS#0204]	牠似乎不想要。
[034:SC#0101]	就在那一刻,城堡裡^
[034:SC#0101]	長官!
[034:SC#0101]	嗯,你有什麼事?
[034:SC#0101]	我們接獲報告,瓊斯父子已登上\255\001一艘離開德國的齊柏林飛船!
[034:SC#0101]	那又怎樣?無線電通知立刻讓它掉頭!
[034:SC#0101]	是,長官!
[034:SC#0115]	不久之後^
[034:SC#0115]	長官,我剛收到一幅要加入收藏的新畫。
[034:SC#0115]	幹得好!
[034:SC#0115]	來,我把金庫的密碼寫在這張\255\001表格的背面。
[034:SC#0115]	現在就把它背下來。
[034:SC#0115]	我背好了。
[034:SC#0115]	萬一你還需要,我就把它收在這抽屜裡。
[034:SC#0115]	我肯定不會,我記性好得很!
[034:SC#0115]	很好!
[034:SC#0129]	與此同時,城堡的另一處^
[034:SC#0129]	長官,您找我?
[034:SC#0129]	是。我要你保護我們剛入手的\255\001那幅無價畫作。
[034:SC#0129]	無價?可那不過是幅破杯子的畫!
[034:SC#0129]	住口!\255\003元首對它「非常」感興趣。\255\003你竟敢質疑元首的判斷?
[034:SC#0129]	不,長官!
[034:SC#0129]	那就退下,回你的崗位去!
[034:SC#0129]	是,長官,佛格上校!
[035:ON#0522]	出口
[035:OC#0522]	快來,\255\002
[035:OC#0522]	小子!
[035:OC#0522]	老爸!
[035:ON#0523]	售票櫃台
[035:ON#0534]	票
[035:OC#0534]	我從這兒看不清楚。
[035:OC#0534]	是兩張齊柏林飛船的票!
[035:ON#0535]	票
[035:OC#0535]	是兩張齊柏林飛船的票。
[035:EN#0035]	男人
[035:EN#0035]	售票員
[035:LS#0201]	不好意思,先生。
[035:LS#0201]	嗯?你要什麼?我可沒一整天時間。
[035:LS#0201]	又怎麼了?!
[035:LS#0201]	你知道齊柏林飛船幾點起飛嗎?
[035:LS#0201]	你看起來很不耐煩。趕著去開會嗎?
[035:LS#0201]	跟我說說你的孫子們吧。
[035:LS#0201]	算了。
[035:LS#0201]	不。
[035:LS#0201]	不關你的事!
[035:LS#0201]	啊,我的孫子們!讓我跟你說說他們!我有\255\001十五個,全是男孩!\255\002
[035:LS#0201]	\255\003首先是西格弗里德,然後是卡拉尼,還有鮑里斯^\255\003還有漢斯、法蘭茲、弗里茲、腓特烈、古斯塔夫、霍斯特和維爾納,\255\003還有約瑟夫、沃夫岡、約翰、塞巴斯蒂安,和小亞伯特!
[035:LS#0201]	哼!
[035:LS#0202]	
[035:LS#0203]	抓到了!
[035:LS#0203]	哎呀!抓不到!
[035:LS#0203]	你抓到什麼?
[035:LS#0203]	呃^嗯^\255\002
[035:LS#0203]	只是隻蒼蠅。\255\002
[035:LS#0203]	我抓到一隻蒼蠅。
[035:LS#0203]	你抓不到什麼?
[035:LS#0203]	呃^沒什麼。
[035:LS#0203]	蒼蠅?你抓到一隻蒼蠅?
[035:LS#0203]	幹得好!
[035:LS#0206]	需要幫忙嗎?
[035:LS#0206]	我想退這些票。
[035:LS#0206]	抱歉,概不退款。
[035:LS#0206]	我們想要兩張離開德國最早一班的票。
[035:LS#0206]	那是 \255\004\053\000 馬克。
[035:LS#0206]	給你。
[035:LS#0206]	我只有 \255\004\246\000 馬克。
[035:LS#0206]	抱歉。
[035:LS#0206]	我想退這些票。
[035:LS#0206]	抱歉,概不退款。
[035:LS#0206]	那點錢買不了票!
[036:ON#0536]	航空站
[036:ON#0537]	雙翼機
[036:OC#0537]	我看我們最好試試齊柏林飛船!
[036:ON#0538]	樓梯
[037:ON#0551]	機場
[037:ON#0552]	機場
[037:ON#0553]	把手
[037:ON#0560]	旋鈕
[037:ON#0574]	開關
[037:ON#0564]	開關
[037:ON#0565]	開關
[037:ON#0566]	開關
[037:ON#0567]	開關
[037:ON#0568]	開關
[037:ON#0569]	開關
[037:ON#0570]	開關
[037:ON#0573]	按鈕
[037:LS#0201]	小子,你真的會開這玩意兒嗎?
[037:LS#0201]	當然,老爸,給我一點時間。
[037:LS#0201]	呃,小子,我覺得那些技師正怪怪地盯著我們。
[037:LS#0201]	小子!他們在指著我們!
[037:LS#0201]	小子!他們朝我們衝過來了!!
[037:LS#0201]	小子!!!他們快到了!!!
[037:LS#0201]	好,老爸,我們快離開這兒!
[037:SC#0049]	抓緊了,老爸!我們走!
[037:SC#0049]	我想我把它弄壞了。
[038:ON#0575]	門口
[038:ON#0582]	碗
[038:OC#0582]	裝滿了錢。
[038:OC#0582]	那聽起來不太妙。
[038:OC#0582]	他已經在演奏了。
[038:OC#0582]	我不想給他那麼多!
[038:OC#0582]	我看他不會想要那個。
[038:LS#0202]	給你一些錢。
[038:LS#0202]	我會的都已經演奏過了。
[038:LS#0202]	謝謝你。\255\003你想聽什麼?
[038:LS#0202]	來首「星際大戰序曲」如何。
[038:LS#0202]	你知道飛船幾點降落嗎?
[038:LS#0202]	你能為我演奏「小白花」嗎?
[038:LS#0202]	我很想聽「甩鞭組曲」。
[038:LS#0202]	不會,不過我相信你會喜歡這首小曲。
[038:LS#0202]	我不熟那首曲子,不過我來演奏這首。
[038:LS#0202]	我是可以,\255\002
[038:LS#0202]	但我改演奏「這」首。
[038:LS#0202]	我相信你會,但我改演奏「我」最愛的那首。
[038:SC#0066]	不,我最好留在這兒看守房間。
[038:SC#0067]	無線電員
[038:SC#0067]	我最好把他移開!
[038:SC#0067]	不知道是誰幹的?
[038:SC#0067]	喂!!
[038:SC#0067]	無線電員
[038:SC#0067]	我把扳手拿回來了。
[039:ON#0591]	梯子
[039:ON#0583]	門口
[039:ON#0584]	門
[039:OC#0584]	我看我最好別進去那裡。
[039:OC#0584]	鎖住了。
[039:ON#0586]	艙門
[039:OC#0586]	我等會兒再上去。
[039:OC#0586]	我搆不著它!
[039:ON#0585]	洞
[039:OC#0585]	它似乎裝不進那裡。
[039:OC#0585]	看起來裡面有個螺栓。
[039:ON#0587]	扳手
[039:LS#0203]	好,小子,給他點顏色瞧瞧!
[039:SC#0092]	好險!
[039:SC#0092]	什麼好險?
[039:SC#0092]	呃,我們剛好趕上登船!
[039:SC#0092]	我懂了。\255\002
[039:SC#0092]	請出示票。
[039:SC#0092]	愚蠢的外國人!
[039:SC#0092]	好啊!你想打架?
[039:SC#0092]	準備好防身吧!
[039:SC#0092]	我得警告你,我在 1934 年奧運\255\001輕量級拳擊拿過金牌!
[039:SC#0092]	收票員
[039:SC#0092]	真是我的好兒子!!
[039:SC#0093]	能給我看你們的票嗎?
[039:SC#0093]	來,小子,你或許用得上這些。
[039:SC#0093]	謝啦。
[039:SC#0093]	票?我們剛用的那些不算數嗎?
[039:SC#0093]	我們不需要票。特別授權。
[039:SC#0093]	你的鞋帶鬆了。
[039:SC#0093]	提出一件物品
[039:SC#0093]	揮出一拳
[039:SC#0093]	我不記得跟你收過票。
[039:SC#0093]	我懂了。請立刻拿出證明。
[039:SC#0093]	什麼?
[039:SC#0093]	你這^
[039:SC#0093]	把拳頭舉起來!
[039:SC#0093]	我相信你以前也忘過這種事。
[039:SC#0093]	當然不是,票在另一個收票員那兒。
[039:SC#0093]	我這位父親把票給你了。
[039:SC#0093]	你侮辱我!我的頭腦跟我的身體\255\001一樣靈光。我會證明給你看!
[039:SC#0093]	我是船上唯一的正式收票員。\255\001這個「另一個收票員」在哪?
[039:SC#0093]	豬玀!「他」也許老糊塗了,但我可沒有。
[039:SC#0093]	別那樣跟我父親說話,你這走狗!
[039:SC#0093]	小子!說話客氣點!
[039:SC#0093]	他進了這扇門。
[039:SC#0093]	他在我們起飛前剛離開。
[039:SC#0093]	一個很高的紅髮男人,他往休息室去了。
[039:SC#0093]	不可能!那是無線電室,被那個多愁善感的\255\001無線電員傻瓜從裡頭鎖著。
[039:SC#0093]	防身吧,你這自大的蠢貨!
[039:SC#0093]	蠢貨!你被耍了!你現在\255\001得再付我一次錢。
[039:SC#0093]	那兒沒有符合那描述的人。你\255\001想白搭船。乖乖跟我走!
[039:SC#0093]	抱歉,你只能跟我們打一架了。揍他,小子!
[039:SC#0093]	老爸!
[039:SC#0093]	這是最高機密。你只能相信我。
[039:SC#0093]	開玩笑的,我在測試你的保安。
[039:SC#0093]	我的搭檔是個喬裝的國防軍上校。對吧,長官?
[039:SC#0093]	你指望「我」相信「你」?蠢貨。
[039:SC#0093]	沒人能那樣叫我!
[039:SC#0093]	那套說詞我以前聽過。
[039:SC#0093]	嗯?你說什麼,小子?
[039:SC#0093]	又一對白搭船的!
[039:SC#0093]	那是 \255\004\053\000 馬克。
[039:SC#0093]	給。
[039:SC#0093]	我們只有 \255\004\246\000 馬克。
[039:SC#0093]	那不行。我得把你們倆都扣下。
[039:SC#0093]	隨你怎麼說。
[039:SC#0093]	你一開始幹嘛不把這些給我?
[039:SC#0093]	唉,算了^\255\002
[039:SC#0093]	謝謝,祝您旅途愉快!
[039:SC#0093]	那有什麼用?
[039:SC#0093]	元首簽的?不錯,但我還是需要票。
[039:SC#0093]	我不要那個!
[040:ON#0596]	扳手
[040:OC#0596]	看起來像把大鑰匙。
[040:ON#0592]	門
[040:ON#0593]	置物櫃
[040:ON#0594]	短波無線電
[040:OC#0594]	不,別又來!
[040:OC#0594]	不行,我把它弄壞了!
[040:LS#0200]	好,我看看^\255\002
[040:LS#0200]	咳咳^\255\002
[040:LS#0200]	嗯^
[040:LS#0200]	這兒一切正常^\255\002
[040:LS#0200]	哎呀!
[040:LS#0200]	呃^\255\002
[040:LS#0200]	
[040:LS#0200]	
[040:LS#0200]	
[040:LS#0200]	該死!
[040:LS#0201]	是喔!徒手把金屬撕開?!
[040:LS#0201]	好。
[040:LS#0201]	這樣應該就搞定了!
[040:LS#0201]	已經壞了!
[040:SC#0078]	提出一件物品
[040:SC#0078]	揮出一拳
[040:SC#0078]	你不該待在這兒。
[040:SC#0078]	抱歉,我在找男廁。
[040:SC#0078]	我看到有人匆匆離開這兒,就進來查看。
[040:SC#0078]	嗯,它不在這兒。你最好離開。
[040:SC#0078]	嗯——這兒最好別出什麼差錯,否則我\255\001回頭找你算帳。現在,你最好回休息室去。
[040:SC#0078]	看看你幹的好事!修那個可能很花錢!
[040:SC#0078]	我只是想打給我的經紀人,結果手滑了。
[040:SC#0078]	我聽到聲響又看到有人衝出去,就進來了。
[040:SC#0078]	抱歉,我太笨手笨腳了。給你一些錢。
[040:SC#0078]	經紀人?間諜!
[040:SC#0078]	那套老掉牙的說詞我才不信!
[040:SC#0078]	我的扳手呢?工具不見了是要算我帳的!
[040:SC#0078]	我不知道它跑哪去了!我來的時候就這樣了。
[040:SC#0078]	我剛看到那個收我票的人把它拿出去了。
[040:SC#0078]	扳手?什麼扳手?
[040:SC#0078]	蠢蛋!我看到它的輪廓藏在你襯衫底下!
[040:SC#0078]	喔,不!弗里茲一定看到我沒在崗位上!\255\001那自大的勢利鬼會害我被開除。你,給我出去!
[040:SC#0078]	你看起來笨,但沒那麼笨。
[040:SC#0078]	嘿,誰一直在亂搞那梯子?
[040:SC#0078]	是那個收我們票的傢伙幹的。
[040:SC#0078]	欸,你知道那無線電為什麼在嗡嗡作響嗎?
[040:SC#0078]	我不知道,我聽到聲音才過來的。
[040:SC#0078]	弗里茲?不可能,他絕不會違反規定。\255\001一定就是你幹的!
[040:SC#0078]	無線電?喔不,他們會把我開除的!
[040:SC#0078]	好了,回休息室去!
[040:SC#0078]	我所有的錢都給你。
[040:SC#0078]	我一半的錢給你。
[040:SC#0078]	給你五十馬克。
[040:SC#0078]	謝啦。\255\003嘿,這不夠。我只好從你身上討回來了。
[040:SC#0078]	嗯,好吧。但趁我修理時你給我出去。
[040:SC#0078]	那要花更多錢!我只好直接從你身上拿了!
[040:SC#0078]	我想那夠付我的損失了。但別再回來這兒!
[040:SC#0078]	你竟敢用這麼點錢侮辱我?
[040:SC#0078]	我想這個我可以睜隻眼閉隻眼。
[040:SC#0078]	那有什麼用?
[040:SC#0078]	元首簽的?請原諒我扣留了您!
[040:SC#0078]	原來真是你拿的!等降落我就舉報你!
[040:SC#0078]	我不要那個!但我知道我要什麼!
[040:SC#0099]	嘿!飛船在掉頭!\255\003我們正朝柏林飛去!
[040:SC#0100]	有人破壞了我的無線電!\255\003我最好盡快把它修好!
[041:OC#0597]	艙門關著!
[046:SC#0117]	女博士。
[046:SC#0117]	印第!
[046:SC#0117]	它在哪?
[046:SC#0117]	啊,聖杯日記!
[046:SC#0117]	你回來拿書?
[046:SC#0117]	回頭見。
[046:SC#0117]	哎呀!
[046:SC#0117]	哎呀!
[046:SC#0117]	提出一件物品
[046:SC#0117]	揮出一拳
[046:SC#0117]	呼!
[046:SC#0117]	怎樣,你拿到了嗎?
[046:SC#0117]	嗯,拿到了。
[046:SC#0117]	太好了!「現在」我們去機場吧。
[046:SC#0117]	這是什麼?我不要這個!
[046:SC#0117]	納粹!我「最恨」納粹了!
[046:SC#0117]	印第!
[048:ON#0640]	隧道
[048:ON#0641]	木門
[048:OC#0641]	我打不開。我想它從另一邊閂上了。
[048:OC#0641]	我辦不到。
[048:ON#0642]	隧道
[048:ON#0657]	雕像
[048:ON#0658]	雕像
[048:ON#0659]	雕像
[048:LS#0202]	樓梯@@
[048:LS#0202]	木門
[049:ON#0662]	石板
[049:OC#0662]	我抓不住它!
[049:ON#0663]	隧道
[049:ON#0664]	隧道
[050:ON#0665]	隧道
[050:ON#0666]	隧道
[050:ON#0667]	隧道
[050:ON#0668]	洞
[050:OC#0668]	還是別了。\255\003那守衛正等著我呢!
[050:OC#0668]	我看到上面那守衛還在!
[051:ON#0669]	火把
[051:OC#0669]	那把泥弄鬆了。
[051:OC#0669]	酒不夠,沒法把泥弄鬆。
[051:OC#0669]	裡面什麼也沒有。
[051:OC#0669]	它被乾硬的泥固定著。
[051:OC#0669]	泥全被沖掉了。
[051:OC#0669]	它被乾硬的泥固定著。
[051:ON#0671]	隧道
[051:ON#0672]	隧道
[052:ON#0673]	隧道
[052:ON#0674]	隧道
[052:ON#0675]	隧道
[052:ON#0676]	手臂@@@
[052:OC#0676]	鉤子@@
[052:OC#0676]	是個古老的海盜鉤。
[053:ON#0677]	隧道
[053:ON#0678]	排污管
[053:ON#0679]	人孔@@@
[053:OC#0679]	太重了,沒法從這兒滑回去。
[053:ON#0681]	人孔蓋@@@
[054:ON#0682]	機器
[054:ON#0685]	輪子
[054:ON#0695]	機器
[054:ON#0698]	隧道
[055:ON#0702]	隧道
[055:ON#0708]	塞子
[055:OC#0708]	看起來像個大木塞。
[055:OC#0708]	我才不要跳進「那種」水裡!
[055:ON#0707]	一池水
[055:OC#0707]	水!我「最討厭」水了!
[055:OC#0707]	我撈不起來。它會從我指縫間流走。
[056:ON#0709]	隧道
[056:ON#0710]	隧道
[056:ON#0711]	死路
[056:ON#0712]	死路
[056:ON#0713]	洞
[056:OC#0713]	哇!看起來好深!
[057:ON#0715]	隧道
[057:ON#0716]	隧道
[058:ON#0717]	隧道
[058:ON#0718]	石棺
[058:OC#0718]	這看起來像那位失落騎士的石棺!
[058:OC#0718]	哇!
[058:OC#0718]	棺蓋太重了,掀不起來!
[058:ON#0720]	老舊的生鏽鎖頭
[058:OC#0720]	排污管
[058:ON#0721]	鐵柵
[058:OC#0721]	也許助跑一下會管用。
[058:OC#0721]	嗯哼!
[058:OC#0721]	我看是不行。
[058:ON#0719]	鐵柵@@@@
[058:OC#0719]	我好像挪不動它。
[058:OC#0719]	我讓它開著。
[058:LS#0200]	排污管
[058:LS#0200]	鐵柵@@@@
[059:ON#0724]	隧道
[060:LS#0201]	哎呀!酒瓶破了。
[061:ON#0749]	木塞
[061:OC#0749]	是個旋進木塞裡的鉤子。
[061:OC#0749]	是個在漏水的木塞。
[061:OC#0749]	那行不通。
[061:OC#0749]	太高了,搆不著。
[061:OC#0749]	那會很危險!
[061:OC#0749]	太高了,搆不著。
[061:ON#0757]	隧道
[061:ON#0758]	隧道
[061:OC#0758]	我跨不過那道縫。
[061:LS#0201]	鉤子@@@@@@@
[061:LS#0201]	木塞
[062:ON#0759]	隧道
[062:ON#0760]	木門
[062:OC#0760]	我挪不動它。它從上方閂著。
[062:OC#0760]	我沒法從這兒把它關上。
[062:ON#0769]	頭骨
[062:ON#0770]	頭骨
[062:ON#0771]	頭骨
[062:ON#0772]	頭骨
[062:ON#0773]	頭骨
[062:ON#0774]	頭骨
[062:LS#0203]	門口@@@@
[062:LS#0203]	木門
[063:ON#0775]	梯子
[063:ON#0776]	隧道
[069:EN#0069]	摘自一份手稿,
[069:EN#0069]	出自賓根的
[069:EN#0069]	希爾德加修道院長。
[069:EN#0069]	這段摘錄使用了
[069:EN#0069]	一種晦澀的
[069:EN#0069]	音樂記譜法,我
[069:EN#0069]	不太確定它
[069:EN#0069]	為何從未用到超過
[069:EN#0069]	六個不同的音符。
[070:LS#0204]	我們中彈了,小子!!
[070:LS#0209]	他們打中我們了!我們要墜機了!!
[070:LS#0209]	我想我們沒油了。
[070:LS#0209]	我來試著拉高一點。
[070:LS#0209]	啊啊啊啊啊!!!\255\002
[070:LS#0209]	 啊啊啊啊啊!!!
[071:ON#0792]	車門
[071:OC#0792]	嗯。這輛好像沒油。
[071:ON#0793]	車門
[071:OC#0793]	走吧!
[071:ON#0808]	車
[071:ON#0809]	車
[071:LS#0204]	嘿,老爸,起來。現在可不是打盹的時候!
[071:LS#0204]	抱歉,小子!來,我們去偷輛車。
[072:SC#0094]	呃,等等。你得過來這兒。
[072:SC#0094]	站住!立刻過來!
[072:SC#0094]	請從那輛看來很貴的車上下來。
[072:SC#0094]	站住。離開你的車,到這兒來。
[072:SC#0094]	真是我的好兒子!!
[072:SC#0094]	走吧!
[072:SC#0095]	我得看你的授權。
[072:SC#0095]	那不可能。
[072:SC#0095]	當然可以,我真是糊塗。
[072:SC#0095]	我的授權?你侮辱我!
[072:SC#0095]	提出一件物品
[072:SC#0095]	揮出一拳
[072:SC#0095]	誰理你啊,你這傻瓜!
[072:SC#0095]	抱歉,但我不得不問。
[072:SC#0095]	侮不侮辱的,你都得有許可。
[072:SC#0095]	胡扯,我要把柵欄抬起來了。
[072:SC#0095]	士兵!你知道你沒穿制服嗎?
[072:SC#0095]	你竟敢這樣跟高階軍官說話?
[072:SC#0095]	站住!
[072:SC#0095]	可是,我怎麼會知道?我是說,你沒穿制服^
[072:SC#0095]	軍官?你沒穿制服!
[072:SC#0095]	我在執行臥底任務。這是機密。
[072:SC#0095]	士兵,讓我過去,「立刻」!
[072:SC#0095]	沒時間解釋!
[072:SC#0095]	是,長官!
[072:SC#0095]	可是我不能^
[072:SC#0095]	機密?祕密任務?他們給你證件了嗎?
[072:SC#0095]	那就拿出你的證件。
[072:SC#0095]	這是最高機密。我沒有證件。
[072:SC#0095]	證件就在我手上。
[072:SC#0095]	你沒有權限看它們。
[072:SC#0095]	不會吧!好,你可以走了。
[072:SC#0095]	那你必須掉頭回去。
[072:SC#0095]	恐怕不行。
[072:SC#0095]	把它給我!
[072:SC#0095]	那我只好從你身上取走它們了。
[072:SC#0095]	沒穿制服?你什麼意思?
[072:SC#0095]	童子軍才打領帶。
[072:SC#0095]	關於制服的新命令已經下來了。
[072:SC#0095]	你穿得像個小丑!
[072:SC#0095]	吃我這招,鮪魚腦袋!
[072:SC#0095]	你這狂妄的新貴!
[072:SC#0095]	新命令?從哪兒來的?
[072:SC#0095]	你要是想跟克萊斯特上尉爭辯,儘管去^
[072:SC#0095]	你的上級軍官,就在前面路上。
[072:SC#0095]	最高層級!
[072:SC#0095]	夠了。我現在就得舉報你!
[072:SC#0095]	克萊斯特!不,不。
[072:SC#0095]	上尉?好,我們打給他。\255\003他的頻率是多少來著?
[072:SC#0095]	我來幫你喚回記憶。
[072:SC#0095]	不記得他的名字?蠢蛋!
[072:SC#0095]	你指望我相信元首會跟你\255\001這種貨色打交道?
[072:SC#0095]	不,我指望你打一架。
[072:SC#0095]	我能避免就絕不打!
[072:SC#0095]	我所有的錢都給你。
[072:SC#0095]	我一半的錢都給你。
[072:SC#0095]	給你五十馬克。
[072:SC#0095]	謝謝。你可以走了,但別再讓我看到你!
[072:SC#0095]	你就拿這 \255\004\002\064 馬克侮辱我?
[072:SC#0095]	不,我本來還想給你小費的!
[072:SC#0095]	別哭哭啼啼。我沒空浪費在一個\255\001這麼沒教養的人身上。
[072:SC#0095]	你這愛哭的蠢蛋。我沒多少時間浪費在你的\255\001無能上。
[072:SC#0095]	當然,我很抱歉。您一定是個忙碌的大人物!
[072:SC#0095]	什麼?對一位下了班的高階軍官放尊重點!
[072:SC#0095]	我不過是條卑微的蟲子。
[072:SC#0095]	你?高階軍官?你連個小兵都當不上!
[072:SC#0095]	別叫我小子!
[072:SC#0095]	沒錯。你就是個敗類!
[072:SC#0095]	我猜你能叫人把我斃了!
[072:SC#0095]	我受夠你了。
[072:SC#0095]	你這輩子會遇到的最卑劣、最可悲的敗類。
[072:SC#0095]	輕而易舉,但我今天心情慷慨,就放你走吧。
[072:SC#0095]	(但願你的上級也一樣慷慨!)
[072:SC#0095]	沒錯!
[072:SC#0095]	但前提是你還有意識!
[072:SC#0095]	你真讓我噁心。拿出點骨氣來!
[072:SC#0095]	你是想奉承我嗎?
[072:SC#0095]	我有那麼明顯嗎?
[072:SC#0095]	比起「奉承」,我更想「奉送」你一頓。
[072:SC#0095]	非得我說白嗎?你看起來太精明了。
[072:SC#0095]	我「才不」精明。而且我也會拼字!
[072:SC#0095]	你休想把我當傻瓜耍!
[072:SC#0095]	你就是太有洞察力了。
[072:SC#0095]	怎麼,誰搶在我前頭了?
[072:SC#0095]	說得真對。你可以走了。
[072:SC#0095]	我厭倦了這種虛情假意。
[072:SC#0095]	那我能表達我真實的感受嗎?
[072:SC#0095]	沒有授權,任何人不得通過!
[072:SC#0095]	我沒時間,我得去抓瓊斯!
[072:SC#0095]	小聲點!跟我一起的這位是蓋世太保!
[072:SC#0095]	我能找到的唯一「文件」就是這些馬克。
[072:SC#0095]	我就覺得你眼熟!
[072:SC#0095]	糟了!
[072:SC#0095]	蓋世太保?克萊斯特上尉沒提過這事。\255\001我需要點證明。
[072:SC#0095]	蓋世太保?他?你有證明嗎?
[072:SC#0095]	容我「親手」奉上。
[072:SC#0095]	我以名譽擔保。相信我!
[072:SC#0095]	小聲點,他很容易動怒。
[072:SC#0095]	你說什麼,小子?
[072:SC#0095]	該死!
[072:SC#0095]	相信你?放你過去我可能會被槍斃!
[072:SC#0095]	真不懂為什麼我老是得不到多點信任。
[072:SC#0095]	你竟拒絕我的信任?真是侮辱!
[072:SC#0095]	這是你最後的答覆?
[072:SC#0095]	這個嘛,\255\002
[072:SC#0095]	我還是不能讓你過去。
[072:SC#0095]	也許你最好委婉地告訴他。
[072:SC#0095]	那麼^你的鞋帶鬆了!
[072:SC#0095]	那我只剩一個選擇了。
[072:SC#0095]	這個嘛^再想想,你可以走了。
[072:SC#0095]	很好^
[072:SC#0095]	你!車裡那個蓋世太保探員!請過來一下。
[072:SC#0095]	蓋世太保?在哪!?小心,小子!
[072:SC#0095]	老爸!\255\002
[072:SC#0095]	什麼?!
[072:SC#0095]	想得美^\255\002
[072:SC#0095]	 我沒綁鞋帶。
[072:SC#0095]	馬克?區區幾個馬克可頂不了通行證。
[072:SC#0095]	但「許多」馬克^
[072:SC#0095]	你竟敢賄賂我?
[072:SC#0095]	我只是開玩笑的。
[072:SC#0095]	讓我看看我有多少。
[072:SC#0095]	我絕不會用賄賂侮辱你。
[072:SC#0095]	也許這個能讓你改變主意。
[072:SC#0095]	什麼?你這^
[072:SC#0095]	太遲了!
[072:SC#0095]	就算一百萬馬克也改變不了我的主意!
[072:SC#0095]	那,也許這個可以!
[072:SC#0095]	沒簽名的通行證有什麼用?!
[072:SC#0095]	元首簽的?
[072:SC#0095]	您立刻可以走了!
[072:SC#0095]	本好書,但我可不像前面路上城堡裡那位\255\001軍官是個收藏家。
[072:SC#0095]	原來你讀過元首的書。我也讀過。
[072:SC#0095]	元首親簽的初版?謝謝你!\255\003走吧。走吧。
[072:SC#0095]	那也不是通行證!我得把你們倆都扣下。
[072:SC#0095]	行,我們不趕時間。
[072:SC#0095]	那不是通行證!
[073:ON#0837]	電燈開關
[073:OC#0837]	喂!!誰把燈關了!!
[073:OC#0837]	把燈給我打開!!!
[073:OC#0837]	燈已經開著了。
[073:ON#0830]	門
[073:ON#0836]	木槌
[073:OC#0836]	它用鏈子拴在鐘上。
[073:ON#0835]	鐘
[073:OC#0835]	是場上用的大鐘。
[073:OC#0835]	我得用那把木槌。
[073:ON#0831]	拳擊場
[073:OC#0831]	別弄髒我這套好西裝!會弄得又皺又是汗!
[073:ON#0834]	更衣室
[073:OC#0834]	牌子寫著:「更衣室」
[073:OC#0834]	這兒沒有門。
[073:ON#0947]	牌子
[073:OC#0947]	上面寫著:「更衣室」
[073:LS#0205]	木槌用鏈子拴在鐘上。
[073:SC#0111]	嗨,瓊斯博士。要我怎麼陪你練拳?
[073:SC#0111]	對我手下留情點。我有點荒廢了!
[073:SC#0111]	我們好好練一場。
[073:SC#0111]	使出你的全力打我吧!
[073:SC#0111]	我看現在先算了。改天吧。
[073:SC#0111]	拳擊教練
[073:SC#0111]	十分鐘後^
[073:SC#0111]	還想再來一場嗎?
[074:SC#0090]	1. 開啟輔助動力裝置（開關 L）。
[074:SC#0090]	2. 壓油壓把手（C）
[074:SC#0090]	   三次。
[074:SC#0090]	3. 開啟燃油泵（開關 Q）。
[074:SC#0090]	4. 切換到有油的油箱（J）。
[074:SC#0090]	5. 開啟兩個磁電機（I），把
[074:SC#0090]	   開關推到最右邊。
[074:SC#0090]	6. 把油門拉出（E）。
[074:SC#0090]	7. 打開點火開關（O）。
[074:SC#0090]	8. 當輔助動力錶（B）達到 300,
[074:SC#0090]	   按下點火鈕（N）。
[075:EN#0075]	「汝若欲入,
[075:EN#0075]	跟隨那
[075:EN#0075]	第一個
[075:EN#0075]	第二個
[075:EN#0075]	第三個
[075:EN#0075]	靠
[075:EN#0075]	左。」
[075:EN#0075]	右。」
[075:EN#0075]	特別留意
[075:EN#0075]	繪製時的講究:
[075:EN#0075]	那面盾、
[075:EN#0075]	其上方的區域,
[075:EN#0075]	以及那些天使。
[075:EN#0075]	下方那則
[075:EN#0075]	隱晦的訊息似乎
[075:EN#0075]	與羅馬數字
[075:EN#0075]	和石柱
[075:EN#0075]	有關。
[076:ON#0842]	金錢（##### 馬克）@@
[076:OC#0842]	我有 \255\004\246\000 馬克。
[076:OC#0842]	金錢（\255\004\246\000 馬克）
[076:ON#0843]	硬幣
[076:OC#0843]	是滿口袋的硬幣。
[076:SC#0001]	
[076:SC#0001]	遊戲暫停。按空白鍵繼續。
[076:SC#0001]	請插入磁碟 %c 並按 ENTER 繼續。
[076:SC#0001]	找不到 %02d.LFL (%c%d),按 ENTER 繼續。
[076:SC#0001]	錯誤:請插入磁碟 %c,按 ENTER 繼續。
[076:SC#0001]	確定要重新開始嗎?(Y/N)Y
[076:SC#0001]	試玩模式,存檔/讀檔已停用。
[076:SC#0001]	
[076:SC#0001]	巴奈特學院,
[076:SC#0001]	紐約,
[076:SC#0001]	1938 年
[076:SC#0001]	哈囉,馬可斯!
[076:SC#0001]	印第!!你回來了!
[076:SC#0001]	是的!而且我拿到科羅納多十字架了!!
[076:SC#0001]	太好了!我知道你找它找了多久。
[076:SC#0001]	找了我這一輩子!
[076:SC#0001]	印第!你怎麼全身濕透了?
[076:SC#0001]	別問!
[076:SC#0001]	我真的得換掉這身濕衣服!
[076:SC#0002]	太暗了,看不清。
[076:SC#0002]	我搆不著。
[076:SC#0003]	它似乎打不開。
[076:SC#0003]	我挪不動它。
[076:SC#0003]	我看不出它有什麼特別。
[076:SC#0003]	我拿不起那個。
[076:SC#0003]	那似乎行不通。
[076:SC#0012]	
[076:SC#0012]	
[076:SC#0012]	
[076:SC#0012]	
[076:SC#0012]	
[076:SC#0012]	
[076:SC#0016]	
[076:SC#0016]	
[076:SC#0018]	
[076:SC#0018]	拿\255\002
[076:SC#0018]	這些\255\002
[076:SC#0018]	這個\255\002
[076:SC#0018]	 錢。
[076:SC#0018]	 \255\006\003\064。
[076:SC#0021]	算了。
[076:SC#0021]	拿這個:
[076:SC#0024]	\255\007\053\000
[076:SC#0024]	文字速度 \255\004\066\000
[076:SC#0024]	版本 \255\007\053\000
[076:SC#0024]	機器評分 \255\004\006\000
[076:SC#0096]	推
[076:SC#0096]	拉
[076:SC#0096]	給
[076:SC#0096]	開
[076:SC#0096]	關
[076:SC#0096]	看
[076:SC#0096]	走向
[076:SC#0096]	拿起
[076:SC#0096]	查看
[076:SC#0096]	使用
[076:SC#0096]	開啟
[076:SC#0096]	關閉
[076:SC#0096]	交談
[076:SC#0096]	旅行
[076:SC#0096]	給印第
[076:SC#0096]	給亨利
[076:SC#0096]	進
[076:SC#0096]	配
[076:SC#0096]	對
[076:SC#0096]	給
[076:SC#0096]	
[076:SC#0096]	
[076:SC#0096]	
[076:SC#0096]	
[076:SC#0096]	
[076:SC#0096]	
[076:SC#0096]	
[076:SC#0096]	
[076:SC#0118]	印第
[076:SC#0118]	馬可斯
[076:SC#0118]	亨利
[076:SC#0118]	艾爾莎
[076:SC#0119]	\255\007\053\000
[076:SC#0123]	它已經\255\002
[076:SC#0123]	開著了。
[076:SC#0123]	關著了。
[077:ON#0845]	城堡前
[077:ON#0846]	城堡前
[077:ON#0847]	摩托車
[077:OC#0847]	不帶上我父親我不走!
[077:OC#0847]	上車,老爸!我們要去伊斯肯德倫!
[077:OC#0847]	不,小子。我們要去柏林。
[077:OC#0847]	什麼?!
[077:OC#0847]	我們得把日記拿回來!沒有它,我們\255\001過不了那三道信仰考驗。
[077:OC#0847]	好吧。
[077:ON#0850]	石頭
[077:OC#0850]	它似乎紋風不動。
[077:LS#0200]	我們得輕裝上路。\255\003那些行李我都丟下了。
[077:LS#0201]	我最好別^
[077:LS#0201]	^大約有三十個納粹士兵正在找我們!
[078:LS#0200]	這面盾就是唐納文說的第二個標記!
[078:LS#0200]	我看看^\255\003上面提到古城亞歷山德雷塔!\255\003如今,伊斯肯德倫城就建在它的廢墟上。\255\003我們會在那附近找到聖杯!
[078:LS#0200]	我們得去地中海岸邊的伊斯肯德倫。
[079:LS#0200]	
[079:LS#0200]	版權所有。
[080:LS#0201]	老爸!你怎麼比我先到?
[080:LS#0201]	別問!\255\003我都不知道你會開飛機,小子!
[080:LS#0201]	開,會。降落,不會。
[080:LS#0201]	抓緊!
[081:ON#0860]	牌子
[081:OC#0860]	上面寫著:\255\003汝若以為人生不過一場遊戲,當心:\255\001越過此處,汝將「無法存檔」!
[081:ON#0858]	神廟
[081:OC#0858]	看起來就是座標準的聖杯神廟。
[081:OC#0858]	太遠了。
[081:ON#0859]	離開這裡
[081:OC#0859]	我們不能走!\255\003我們還得拿到聖杯、抱得美人歸,\255\001還不能掉進岩漿坑。
[081:LS#0200]	喂,你們倆!!分秒必爭啊!
[081:LS#0202]	根據你聖杯日記裡的地圖,就是這裡。
[081:LS#0202]	我們就像亞瑟王傳奇裡的英雄:\255\003你是英勇的騎士加拉哈德。\255\003而我,是他被拒於門外的父親蘭斯洛特。
[081:LS#0202]	他被發現未^
[081:LS#0202]	亨利!印第!很高興再見到你們!
[081:LS#0202]	馬可斯!\255\002
[081:LS#0202]	馬可斯!
[081:LS#0202]	你怎麼在這兒?\255\003還有你怎麼全身髒兮兮的?
[081:LS#0202]	別問。
[081:LS#0202]	對了!馬可斯,老朋友,你近來如何^
[081:SC#0130]	上面寫著「唯有懺悔之人方能通過。」
[081:SC#0130]	考驗共有三道。\255\003第一,神之氣息;唯有懺悔之人方能通過。\255\003第二,神之聖言;唯有踏著神的足跡\255\001方能前行。
[081:SC#0130]	第三,神之道路;唯有從獅首縱身一躍\255\001方能證明其價值。
[082:ON#0861]	神廟出口
[082:ON#0864]	龜裂的封印
[082:OC#0864]	深得我看不到底。
[082:ON#0873]	聖杯
[082:OC#0873]	我看那樣不太明智。
[082:OC#0873]	看起來是聖杯。
[082:EN#0082]	艾爾莎
[082:LS#0200]	沒錯,就是這裡。
[082:LS#0200]	啊,印第安納·瓊斯,你來得正是時候。\255\003看來我的自願者用完了。
[082:LS#0200]	唐納文,唐納文,唐納文。\255\003沒有任何事,「絕對沒有」任何事能\255\001說服我為「你」的目的去取聖杯。
[082:LS#0200]	也許除了那個。
[082:LS#0200]	我就知道你會想通的。\255\003現在唯一能救你父親的,\255\001就是聖杯的治癒之力。
[082:LS#0200]	我建議你快點,瓊斯博士。
[082:LS#0200]	小子。記住我的日記。那三道試煉!
[082:LS#0200]	撐住,老爸。我會盡快回來。
[082:LS#0200]	一會兒就回來!
[082:LS#0201]	那唐納文後來怎麼了?\255\003而且「別」說「別問」!!
[082:LS#0201]	他急著想跟著你,結果就……掉了腦袋。
[082:LS#0201]	聖杯!
[082:LS#0201]	你做到了,小子!
[082:LS#0201]	不,老爸,是「你」做到的。我只是照著你的日記走。
[082:LS#0201]	那第三位兄弟呢?還活著?
[082:LS#0201]	是的。即使過了七個世紀。
[082:LS#0201]	那麼它「真的」能賜予永生!
[082:LS#0201]	這麼多年了。我的追尋到頭了。
[082:LS#0201]	但是你找到了它,兒子。它的命運如今握在你手中。
[082:LS#0201]	馬可斯,老朋友。我還沒謝過你呢。
[082:LS#0201]	騎士
[082:LS#0201]	記住永生的代價。\255\003聖杯不可越過那道大封印!
[082:LS#0203]	我向你致謝。\255\003我看出你確實有著真正騎士的心。
[082:LS#0203]	你真該看看上一批人離開後\255\001這地方有多狼狽。
[082:LS#0203]	你的高尚守護了聖杯,也讓這座\255\001神廟未遭玷污。\255\003願你尋得自己真正的道路。
[082:LS#0203]	當然,這地方夠我收拾好幾年了^
[082:LS#0203]	但現在你必須走了。我恐怕還有件\255\001艱鉅的差事在前頭。\255\003話說那把掃帚跑哪去了?
[082:LS#0203]	我們本可以把聖杯帶出這地方。\255\003它本可以是我們的,印第。
[082:LS#0203]	別打包票。
[082:LS#0203]	那也許是你的盤算,艾爾莎,但\255\001我可不會那樣玩。
[082:LS#0204]	艾爾莎,不要!!!\255\003聖杯必須留在這裡!
[082:LS#0204]	可是印第,聖杯,它可以是我們的!
[082:LS#0204]	你聽到騎士說的了。它不能越過封印。
[082:LS#0204]	不!我不信!我現在絕不能失去它!
[082:LS#0204]	幹得好啊,艾爾莎。
[082:LS#0205]	我本可以把聖杯弄出這裡的。
[082:LS#0205]	別打包票。
[082:LS#0205]	印第安納。你早該讓我拿走聖杯的。
[082:LS#0205]	我想他的命運掌握在^
[082:LS#0205]	^別人手中。
[082:SC#0065]	你做了件公正又高尚的事,小子。
[082:SC#0065]	別叫我小子!
[082:SC#0065]	這一口一個「小子」是怎麼回事?
[082:SC#0065]	那是他的名字:\255\003小亨利·瓊斯。
[082:SC#0065]	我喜歡印第安納這名字。
[082:SC#0065]	我們把那條「狗」取名印第安納!\255\003我們給「你」取名小亨利。
[082:SC#0065]	說起來,我父親養過一隻叫「馬可斯」的貓。
[082:SC#0065]	嗯。我父親的祕書是不是也叫「艾爾莎」?
[082:SC#0065]	夠了!我們回家吧。\255\003我看我該開始寫本死海古卷日記了。
[082:SC#0065]	各位,跟我來,我認得路!
[082:SC#0065]	不,那不對。
[082:SC#0065]	小子!你怎麼不聽!
[082:SC#0065]	別叫我小~~~子~~~~^
[082:SC#0065]	喔,印第!\255\003你要是肯讓我試試,我本可以為我們倆\255\001拿到聖杯的!
[082:SC#0065]	聖杯不是用來爭奪的獎品。\255\003小子現在懂了。
[082:SC#0065]	別打包票。\255\002
[082:SC#0065]	別打包票。
[082:SC#0065]	唉,這下可好^\255\003我們遇上一位十字軍東征的活老兵,偷了他的聖杯,\255\003然後把他的神廟徹底摧毀!\255\003全打著考古的名義?\255\003我再也不幹這種事了。
[082:SC#0065]	嘿,老爸,我好像聽到騎士嘟囔著他那\255\001住在佛羅里達的朋友——龐塞!
[082:SC#0065]	我們去找他吧!!!
[082:SC#0065]	兒子,我以你為榮。\255\003追尋聖杯,就是追尋我們每個人心中\255\001那神聖的部分。\255\003我看得出,你找到的不只是\255\001一件用來爭奪的獎品。
[082:SC#0065]	那你找到了什麼,老爸?
[082:SC#0065]	開悟。
[082:SC#0065]	走吧,兒子。
[083:ON#0876]	神廟
[083:OC#0876]	我不能回頭,我得去拿聖杯。
[083:LS#0200]	懺悔之人在神面前謙卑^
[083:LS#0200]	跪下!
[083:LS#0200]	我過關了!
[083:LS#0202]	懺悔^
[083:LS#0202]	「唯有懺悔之人方能通過。」
[084:EN#0084]	
[084:EN#0084]	
[084:EN#0084]	
[084:EN#0084]	
[084:EN#0084]	
[084:EN#0084]	
[084:LS#0200]	
[084:LS#0200]	
[084:LS#0200]	
[084:LS#0200]	
[084:LS#0200]	
[084:LS#0200]	
[084:LS#0200]	
[084:LS#0202]	我沒法跳到那兒
[084:LS#0205]	以古英文\255\002
[084:LS#0205]	以拉丁文\255\002
[084:LS#0205]	以伊塔斯克里特文\255\002
[084:LS#0205]	以豬拉丁文\255\002
[084:LS#0205]	以塔斯金文\255\002
[084:LS#0205]	以瓦奇文\255\002
[084:LS#0205]	,耶和華拼作「\255\007\053\000」。
[085:OC#0879]	我不能回頭,我得去拿聖杯。
[085:LS#0202]	印第!!!快點!你父親越來越糟了!!
[085:LS#0202]	我知道,馬可斯!我在趕了!
[086:ON#0881]	隧道
[086:OC#0881]	我得在回去前測試聖杯。
[086:OC#0881]	我得先找到正確的聖杯。
[086:ON#0888]	銀盤上的橄欖木杯
[086:ON#0889]	有刻紋、凹陷的淺白鑞碗
[086:ON#0890]	大型陶瓷飲杯
[086:ON#0891]	刻著神聖符號的木杯
[086:ON#0892]	刻著祝福咒文的銀碗
[086:ON#0893]	刻有希臘文的黃銅聖爵
[086:ON#0894]	樸素的金屬杯
[086:ON#0895]	刻著不明文字的陶碗
[086:ON#0896]	樸素的淺青銅器皿
[086:ON#0897]	刻有亞拉姆文的白鑞聖爵
[086:ON#0898]	聖水
[086:OC#0898]	老天,我渴死了。
[086:LS#0201]	騎士
[086:LS#0201]	我就知道你會來。
[086:LS#0201]	你是誰?
[086:LS#0201]	我是三兄弟中最後一人,我們曾立\255\001誓尋找聖杯並守護它。
[086:LS#0201]	那是七百年前的事了。
[086:LS#0201]	以騎士來說,你這身打扮真奇怪。
[086:LS#0201]	我?我不是騎士。你什麼意思?
[086:LS#0201]	那無所謂。你通過試煉,證明了自己的\255\001價值。守護聖杯的榮耀歸你了。
[086:LS#0201]	可你不明白!我父親受了傷,\255\001就在這神廟裡。\255\003我得找到聖杯,否則他會死!
[086:LS#0201]	很好。我看得出你意圖純正。\255\003選吧。
[086:LS#0202]	聖杯
[086:SC#0122]	我最好確認這是對的那個。
[086:SC#0122]	他選得^\255\002
[086:SC#0122]	 ……很糟。
[086:SC#0122]	你選得明智。\255\003但記住這點:聖杯不可越過\255\001那道大封印。那就是永生的代價。
[086:SC#0122]	那樣並不明智。
[086:SC#0133]	看,「這」才是木匠用的杯子。
[090:EN#0090]	這個排列
[090:EN#0090]	標示為「正確」。
[090:EN#0090]	這個標示為
[090:EN#0090]	「必死無疑」。
[090:EN#0090]	真奇怪!
[091:ON#0925]	隧道
[091:ON#0926]	銘文
[091:ON#0927]	銘文
[091:ON#0928]	銘文
[091:LS#0200]	這些看起來像銘文。\255\003等一下^
[091:LS#0200]	這個看著眼熟。
[091:LS#0200]	是的,它描述了聖杯^
[091:LS#0200]	我父親的日記沒錯^
[091:LS#0200]	我說了嘛,我父親的日記沒錯^
[091:LS#0200]	不是在布列塔尼某修道院找到的那首愛爾蘭詩,\255\001就是「凱爾特學人」的那則剪報^
[091:LS#0200]	不是阿爾朱夫寄給老爸的那份波斯手稿,\255\001就是史陶比關於梅林之書的那封信^
[091:LS#0200]	不是科迪羅利從義大利發給他的那封電報,\255\001就是某拜占庭商人日記裡的那段摘錄^
[091:LS#0200]	不是塔利埃辛寫的那首威爾斯詩,\255\001就是埃拉諾拉夫人提到的理查·伯頓爵士那則故事^
[091:LS#0200]	不是賓根的希爾德加修道院長那段記述,\255\001就是關於「新福音」的那篇報紙專欄^
[091:LS#0200]	^才是對聖杯的正確記述。
[093:ON#0944]	神廟
[093:ON#0945]	聖杯
[093:OC#0945]	從這兒搆不著,太遠了。
[094:LS#0200]	你的最終得分:
[094:LS#0200]	章節
[094:LS#0200]	系列
[094:LS#0200]	\255\004\244\000
[094:LS#0200]	\255\004\245\000
[094:LS#0200]	還不錯
[094:LS#0200]	很好
[094:LS#0200]	太棒了
[094:LS#0200]	出色
[094:LS#0200]	卓越
[094:LS#0200]	還不錯
[094:LS#0200]	很好
[094:LS#0200]	太棒了
[094:LS#0200]	出色
[094:LS#0200]	卓越
[094:LS#0200]	完美!
[094:LS#0200]	印第安納·瓊斯:最後聖戰
[094:LS#0200]	設計與腳本
[094:LS#0200]	
[094:LS#0200]	
[094:LS#0200]	
[094:LS#0200]	美術與動畫
[094:LS#0200]	
[094:LS#0200]	
[094:LS#0200]	音樂與音效
[094:LS#0200]	
[094:LS#0200]	
[094:LS#0200]	改編自約翰·威廉斯的原創配樂
[094:LS#0200]	SCUMM 故事系統
[094:LS#0200]	
[094:LS#0200]	FM-Towns 移植
[094:LS#0200]	
[094:LS#0200]	首席測試員:
[094:LS#0200]	
[094:LS#0200]	額外測試^
[094:LS#0200]	
[094:LS#0200]	
[094:LS#0200]	
[094:LS#0200]	
[094:LS#0200]	
[094:LS#0200]	
[094:LS#0200]	
[094:LS#0200]	
[094:LS#0200]	
[094:LS#0200]	
[094:LS#0200]	
[094:LS#0200]	額外腳本
[094:LS#0200]	額外美術
[094:LS#0200]	額外減法
[094:LS#0200]	鞭子研究
[094:LS#0200]	納粹冷知識研究
[094:LS#0200]	研究研究
[094:LS#0200]	電報研究
[094:LS#0200]	瑪格麗特暢飲員
[094:LS#0200]	最佳試映嘉賓
[094:LS#0200]	電腦管理員
[094:LS#0200]	字型馴獸師
[094:LS#0200]	美術馴獸師
[094:LS#0200]	情緒支援
[094:LS#0200]	餐飲
[094:LS#0200]	
[094:LS#0200]	
[094:LS#0200]	各式電腦
[094:LS#0200]	
[094:LS#0200]	
[094:LS#0200]	
[094:LS#0200]	
[094:LS#0200]	
[094:LS#0200]	芝加哥的雙胞胎
[094:LS#0200]	
[094:LS#0200]	
[094:LS#0200]	
[094:LS#0200]	
[094:LS#0200]	
[094:LS#0200]	天行者午餐組
[094:LS#0200]	改編自原創故事
[094:LS#0200]	
[094:LS#0200]	與原創劇本
[094:LS#0200]	
[094:LS#0200]	山姆與麥斯由 Steve Purcell 惠允登場
[094:LS#0200]	於天行者牧場現場編程
[094:LS#0200]	額外編程於聖拉斐爾、
[094:LS#0200]	聖安塞爾莫、費爾法克斯、諾瓦托
[094:LS#0200]	與索爾斯比維爾
[094:LS#0200]	電影、雷射影碟與錄影帶
[094:LS#0200]	由派拉蒙影業發行
[094:LS#0200]	盧卡斯影業遊戲出品
[094:LS#0200]	
[094:LS#0200]	全劇終
[094:LS#0200]	警告:
[094:LS#0200]	為確保正確記錄
[094:LS#0200]	你的系列智商分數,你現在必須
[094:LS#0200]	叫出存檔/讀檔畫面
[094:LS#0200]	並選擇「讀檔」。這會儲存你
[094:LS#0200]	正確的系列智商。
